Age,Education,Marital_Status,ChildrenHome,Income,TotalAcceptedCmp,AmountSpent,NumTotalPurchases,DaysEngaged
65,UG,Single,0,58138.0,1,1617,25,997
68,UG,Single,2,46344.0,0,27,6,151
57,UG,Relationship,0,71613.0,0,776,21,498
38,UG,Relationship,1,26646.0,0,53,8,91
41,PG,Relationship,1,58293.0,0,422,19,347
55,PG,Relationship,1,62513.0,0,716,22,479
51,UG,Single,1,55635.0,0,590,21,779
37,PG,Relationship,1,33454.0,0,169,10,514
48,PG,Relationship,1,30351.0,1,46,6,574
72,PG,Relationship,2,5648.0,1,49,2,294
39,UG,Relationship,1,52247.25135379061,0,19,4,412
46,UG,Relationship,0,7500.0,0,61,6,779
63,UG,Single,0,63033.0,0,1102,16,412
70,PG,Single,2,59354.0,0,310,15,412
35,UG,Relationship,0,17323.0,0,46,5,813
76,PG,Single,0,82800.0,3,1315,26,768
42,UG,Relationship,2,41850.0,0,96,9,738
76,UG,Relationship,0,37760.0,0,317,13,853
73,PG,Relationship,1,76995.0,1,1782,26,644
37,PG,Single,1,33812.0,0,133,8,1026
40,UG,Relationship,0,37040.0,0,316,12,876
43,UG,Relationship,1,2447.0,0,1730,43,579
73,PG,Relationship,1,58607.0,1,972,17,739
68,PG,Relationship,1,65324.0,0,544,20,61
71,UG,Relationship,1,40689.0,0,444,20,654
53,UG,Single,0,18589.0,0,75,8,699
46,UG,Relationship,2,53359.0,0,257,14,584
36,UG,Single,1,52247.25135379061,0,637,27,680
33,UG,Relationship,1,38360.0,0,131,9,580
57,PG,Relationship,0,84618.0,1,1672,26,405
33,PG,Single,0,10979.0,0,30,8,224
59,PG,Relationship,0,38620.0,0,318,11,422
52,UG,Relationship,1,40548.0,1,120,9,813
70,PG,Single,2,46610.0,1,302,17,794
76,PG,Relationship,0,68657.0,0,1196,18,680
71,PG,Single,2,49389.0,0,65,6,490
52,PG,Relationship,1,67353.0,0,913,28,366
46,PG,Relationship,1,23718.0,0,81,9,691
49,UG,Single,1,42429.0,0,67,7,60
79,PG,Single,0,48948.0,2,902,24,729
42,UG,Relationship,1,80011.0,0,1395,21,612
37,PG,Relationship,1,20559.0,0,53,7,394
65,UG,Relationship,1,21994.0,0,22,4,738
63,PG,Single,0,52247.25135379061,0,186,9,600
47,PG,Relationship,1,7500.0,0,31,8,690
46,UG,Single,0,79941.0,0,984,16,187
26,PG,Relationship,0,7500.0,1,122,10,842
54,UG,Relationship,1,41728.0,0,55,5,587
71,UG,Single,3,52247.25135379061,0,124,10,365
68,PG,Relationship,2,72550.0,0,1319,28,873
65,UG,Single,1,65486.0,0,507,17,27
58,PG,Relationship,0,79143.0,0,1693,29,784
45,UG,Single,1,35790.0,0,72,7,699
45,UG,Single,0,82582.0,3,1617,21,179
44,UG,Relationship,2,66373.0,0,606,23,391
67,PG,Relationship,0,82384.0,2,1957,27,773
56,UG,Single,0,70287.0,1,1093,21,696
34,UG,Single,1,27938.0,0,29,6,248
40,UG,Single,1,52247.25135379061,0,46,7,563
54,PG,Relationship,1,55954.0,0,518,19,304
40,PG,Single,0,75777.0,3,1438,21,634
47,UG,Relationship,2,66653.0,0,612,22,906
70,UG,Single,1,61823.0,0,884,24,682
71,PG,Single,1,67680.0,0,606,19,421
74,UG,Relationship,0,70666.0,0,1076,16,568
51,UG,Relationship,1,25721.0,1,34,5,590
55,UG,Relationship,2,32474.0,0,11,4,57
43,PG,Single,1,88194.0,3,1274,32,288
64,UG,Relationship,1,69096.0,0,653,18,461
52,UG,Relationship,3,74854.0,0,1562,19,515
68,PG,Relationship,0,66991.0,0,1253,21,783
49,PG,Relationship,1,52247.25135379061,0,109,9,839
63,UG,Relationship,1,65031.0,0,863,30,655
47,PG,Relationship,2,60631.0,1,661,24,607
70,UG,Relationship,0,28332.0,0,65,8,246
45,UG,Single,1,40246.0,0,13,4,743
50,PG,Relationship,0,75251.0,1,1890,19,857
46,UG,Single,0,75825.0,2,2209,22,752
46,PG,Relationship,0,26326.0,0,18,4,632
57,UG,Relationship,0,56046.0,2,692,21,699
37,UG,Single,1,29760.0,0,165,12,855
53,UG,Relationship,1,26304.0,0,16,4,557
49,PG,Relationship,1,23559.0,0,79,9,665
59,PG,Relationship,0,38620.0,0,318,11,422
35,UG,Single,0,81361.0,0,778,27,310
62,UG,Relationship,2,29440.0,0,56,7,419
52,PG,Relationship,2,36138.0,1,151,13,534
65,UG,Single,1,50388.0,3,372,17,218
49,UG,Relationship,0,79593.0,1,1366,19,27
55,UG,Relationship,1,54178.0,0,194,10,345
65,PG,Relationship,3,52247.25135379061,0,603,29,773
65,UG,Single,2,52247.25135379061,0,18,4,219
49,PG,Relationship,0,52247.25135379061,0,985,15,404
50,PG,Single,1,42394.0,0,32,5,284
52,PG,Relationship,1,23626.0,0,43,10,222
39,UG,Relationship,1,30096.0,0,45,6,224
62,UG,Single,1,47916.0,1,606,22,770
50,UG,Single,2,51813.0,0,63,7,423
71,PG,Relationship,0,78497.0,1,978,25,719
39,PG,Relationship,0,50150.0,0,410,16,560
62,PG,Single,1,47823.0,0,72,7,527
63,PG,Single,1,34554.0,0,55,7,277
43,UG,Relationship,1,85693.0,0,1169,27,621
77,PG,Relationship,0,65846.0,0,1120,16,594
63,UG,Relationship,0,87195.0,1,1097,20,149
43,UG,Relationship,1,24594.0,0,29,5,446
58,UG,Relationship,2,49096.0,0,187,13,464
53,UG,Relationship,2,52413.0,0,910,26,698
44,UG,Single,1,38557.0,0,145,9,743
62,PG,Relationship,0,89058.0,0,850,14,903
43,UG,Relationship,1,77298.0,0,969,24,689
31,PG,Single,0,68126.0,2,1820,17,812
59,PG,Relationship,1,57288.0,1,608,20,190
31,UG,Single,0,86037.0,3,730,25,699
42,PG,Relationship,1,43974.0,0,551,21,750
60,UG,Single,2,50785.0,0,114,8,449
52,UG,Relationship,0,90765.0,2,1724,15,342
44,PG,Relationship,1,36550.0,0,577,20,681
55,PG,Relationship,2,30753.0,0,81,7,420
53,UG,Relationship,1,21918.0,0,33,7,413
69,PG,Relationship,1,56129.0,0,660,22,560
55,PG,Single,1,32557.0,1,80,9,311
37,PG,Relationship,2,19510.0,0,30,6,632
46,UG,Single,1,30992.0,0,43,5,619
39,UG,Single,0,101970.0,4,1135,27,394
57,PG,Relationship,0,71488.0,0,559,16,682
38,UG,Single,0,79607.0,1,1923,16,620
69,PG,Relationship,2,54348.0,0,90,8,148
61,PG,Relationship,1,52247.25135379061,0,404,17,420
66,PG,Relationship,2,77376.0,0,661,23,88
70,UG,Relationship,1,62998.0,0,463,19,458
64,PG,Single,2,61331.0,0,632,23,455
53,UG,Relationship,0,73448.0,0,725,19,91
59,UG,Relationship,1,52247.25135379061,0,725,19,419
58,PG,Relationship,2,41551.0,0,279,16,505
55,PG,Relationship,0,62981.0,1,1482,23,655
46,UG,Single,1,9548.0,0,29,6,876
63,PG,Relationship,3,33762.0,0,106,9,543
49,PG,Single,2,35860.0,2,49,6,227
57,PG,Single,2,36921.0,0,38,7,522
30,PG,Single,0,92859.0,0,2077,22,804
46,PG,Relationship,1,65104.0,1,1053,17,413
60,UG,Relationship,0,86111.0,0,1385,23,622
48,PG,Single,1,68352.0,0,871,25,491
34,UG,Relationship,1,41883.0,0,312,12,653
46,UG,Relationship,2,59809.0,0,877,15,805
47,UG,Relationship,1,23957.0,1,68,6,795
41,UG,Relationship,1,38547.0,0,22,4,491
49,PG,Relationship,3,35688.0,0,211,16,862
56,PG,Relationship,0,49605.0,0,127,8,194
69,PG,Relationship,2,59354.0,0,459,16,252
53,UG,Relationship,1,65747.0,1,460,19,182
50,PG,Relationship,1,46344.0,0,429,17,748
34,UG,Single,1,34176.0,0,89,11,27
70,PG,Relationship,1,61010.0,0,1021,26,843
73,UG,Relationship,0,69372.0,3,1381,21,681
64,UG,Single,1,49967.0,0,306,15,512
44,UG,Single,3,60199.0,0,18,4,388
45,UG,Relationship,1,55375.0,0,162,9,441
67,UG,Single,0,80317.0,0,1231,18,499
64,PG,Single,3,30523.0,0,13,4,724
77,PG,Relationship,0,70356.0,0,1706,27,965
38,UG,Relationship,1,23228.0,0,121,11,245
47,PG,Single,0,74165.0,0,1293,20,726
56,UG,Relationship,3,43482.0,0,88,9,414
69,UG,Single,0,62551.0,1,421,18,409
63,UG,Single,0,52332.0,1,259,12,491
34,UG,Single,0,66951.0,0,1117,15,689
65,UG,Relationship,2,26091.0,0,89,9,310
57,UG,Relationship,2,33456.0,0,36,6,255
40,UG,Relationship,1,28718.0,0,57,7,537
52,UG,Relationship,2,50447.0,0,148,8,255
63,PG,Relationship,2,53537.0,0,93,8,336
55,UG,Single,1,52074.0,1,119,7,272
47,PG,Relationship,1,80427.0,0,1835,28,753
74,PG,Relationship,0,83837.0,3,1318,25,746
52,PG,Relationship,2,38853.0,0,45,7,223
63,UG,Relationship,3,38285.0,0,10,4,191
71,PG,Relationship,0,78497.0,1,978,25,719
46,PG,Relationship,1,51650.0,0,191,10,57
34,PG,Relationship,1,16248.0,0,57,9,88
76,PG,Relationship,0,66835.0,0,1033,24,460
38,PG,Relationship,1,30477.0,0,66,6,344
61,UG,Relationship,0,28249.0,0,43,6,200
39,UG,Relationship,1,25271.0,0,50,5,964
52,PG,Single,1,32303.0,0,39,7,151
56,UG,Relationship,1,61286.0,0,608,18,692
46,UG,Relationship,0,74068.0,0,1581,24,653
58,PG,Relationship,2,45759.0,0,68,7,677
44,UG,Relationship,1,24882.0,1,80,5,844
33,PG,Relationship,0,66973.0,0,1282,28,594
34,UG,Relationship,1,38872.0,0,91,8,581
49,UG,Relationship,2,51148.0,0,315,16,682
45,UG,Relationship,2,31353.0,0,31,6,368
42,PG,Relationship,0,69661.0,0,834,23,233
68,UG,Relationship,0,80067.0,1,1600,17,469
68,UG,Relationship,0,86718.0,0,1270,17,714
49,PG,Single,2,46854.0,2,263,15,276
70,UG,Single,1,69142.0,1,535,19,186
54,UG,Single,0,75922.0,0,1295,18,476
44,UG,Single,1,63693.0,0,1150,29,444
45,PG,Relationship,0,102160.0,4,1240,26,1055
57,PG,Single,2,40637.0,0,38,6,533
38,PG,Single,0,18890.0,2,35,4,812
34,UG,Relationship,1,29604.0,1,53,5,507
59,PG,Single,2,48721.0,0,293,17,598
56,UG,Relationship,1,44794.0,0,65,6,148
68,UG,Single,1,64497.0,2,1804,29,814
66,UG,Relationship,1,46097.0,0,241,15,641
68,UG,Relationship,0,77972.0,0,1101,20,289
54,PG,Relationship,2,44377.0,0,264,19,966
48,PG,Relationship,2,46014.0,0,541,26,710
37,UG,Relationship,0,70951.0,0,1198,17,636
45,UG,Relationship,1,41443.0,0,482,20,362
44,PG,Single,3,52195.0,0,17,4,27
74,PG,Relationship,0,83790.0,2,1615,25,412
68,PG,Single,1,44551.0,0,285,12,488
42,UG,Relationship,1,69508.0,0,1135,28,778
34,PG,Relationship,1,45204.0,0,114,7,58
53,UG,Relationship,0,72460.0,0,1047,16,413
52,PG,Relationship,2,77622.0,0,714,22,262
42,PG,Relationship,1,30732.0,0,185,13,610
60,UG,Single,1,63887.0,0,1245,32,875
44,UG,Relationship,1,42011.0,0,189,12,646
46,UG,Relationship,1,51369.0,0,576,16,798
70,UG,Single,1,51537.0,0,1103,18,841
50,PG,Relationship,0,79930.0,0,1753,17,876
36,PG,Relationship,1,34320.0,0,17,4,319
56,UG,Single,2,37070.0,1,433,23,652
60,PG,Single,1,81975.0,1,1588,14,610
51,UG,Relationship,1,38590.0,0,22,4,596
71,UG,Single,0,15033.0,0,19,5,260
57,PG,Relationship,1,62745.0,0,1117,29,649
47,PG,Relationship,1,22212.0,0,69,8,476
40,PG,Relationship,1,23661.0,0,23,5,629
64,PG,Single,1,79761.0,0,605,19,631
49,UG,Single,1,7500.0,0,57,11,371
54,UG,Single,0,73455.0,1,2088,22,430
64,UG,Relationship,1,64961.0,0,1009,16,739
51,UG,Single,1,22804.0,0,26,5,519
32,UG,Relationship,0,73687.0,2,1627,22,399
64,UG,Relationship,1,61074.0,0,1102,31,867
58,PG,Relationship,2,31686.0,0,17,6,240
50,UG,Relationship,1,80134.0,4,1690,16,591
69,UG,Relationship,1,75027.0,0,1390,21,487
34,PG,Relationship,0,67546.0,0,2126,20,853
53,PG,Relationship,1,65176.0,0,1531,25,794
47,PG,Single,1,31160.0,0,64,7,472
37,UG,Single,1,29938.0,0,26,6,431
48,UG,Single,0,102692.0,5,1112,29,607
64,PG,Relationship,0,26490.0,0,210,11,831
55,UG,Relationship,2,75702.0,0,1148,26,855
48,PG,Single,1,30899.0,0,33,6,810
61,PG,Relationship,1,63342.0,1,1101,19,807
58,UG,Single,1,45989.0,0,322,16,801
58,UG,Single,2,18701.0,0,44,10,635
65,PG,Single,3,40737.0,0,17,4,507
43,UG,Single,1,15287.0,2,31,6,813
54,PG,Single,2,69674.0,0,845,25,589
52,PG,Relationship,1,44159.0,0,275,15,198
44,PG,Relationship,1,37717.0,0,25,4,769
70,PG,Relationship,2,43776.0,1,275,17,670
56,PG,Relationship,2,38179.0,0,90,11,658
59,UG,Relationship,0,80124.0,1,1495,19,189
52,PG,Relationship,2,38097.0,2,184,11,808
52,UG,Relationship,0,72940.0,0,981,13,561
52,UG,Relationship,1,22070.0,0,67,8,631
69,UG,Single,0,69267.0,1,1635,14,831
39,PG,Single,1,31788.0,0,60,10,287
47,PG,Relationship,1,61905.0,0,231,12,274
62,UG,Relationship,2,29315.0,0,48,10,211
59,UG,Single,2,33378.0,0,99,9,578
59,PG,Relationship,1,66313.0,0,770,23,472
66,UG,Single,0,60714.0,1,957,23,714
41,PG,Relationship,0,77882.0,0,818,12,246
36,PG,Single,0,69867.0,2,925,17,696
54,PG,Single,1,63841.0,0,908,22,620
41,UG,Relationship,1,24480.0,0,102,10,425
46,UG,Relationship,1,51369.0,0,576,16,798
76,UG,Relationship,0,37760.0,0,317,13,853
48,PG,Relationship,1,65640.0,0,461,15,363
47,PG,Relationship,2,44319.0,0,37,7,259
48,UG,Relationship,1,30631.0,0,70,7,390
70,UG,Relationship,0,75278.0,0,930,23,702
66,PG,Relationship,2,50898.0,0,859,33,518
56,UG,Single,0,79946.0,0,1478,22,27
73,PG,Single,0,35416.0,0,390,16,567
38,PG,Relationship,0,32414.0,1,52,5,634
53,UG,Relationship,1,38361.0,0,137,10,370
42,UG,Relationship,0,82497.0,1,1919,19,792
51,UG,Relationship,2,16626.0,0,68,9,351
57,UG,Relationship,2,29672.0,0,25,4,394
70,PG,Relationship,1,55951.0,2,1374,23,861
34,PG,Single,1,35388.0,0,32,5,547
36,PG,Relationship,1,42386.0,0,100,7,718
40,UG,Single,0,68627.0,0,825,12,396
57,PG,Single,1,57912.0,1,916,28,290
64,UG,Single,2,35246.0,0,62,11,260
66,PG,Relationship,1,58821.0,0,728,21,387
44,PG,Relationship,1,46377.0,0,90,7,363
34,UG,Single,1,39747.0,0,273,13,263
38,UG,Relationship,1,23976.0,0,66,10,370
61,PG,Relationship,0,80950.0,1,1213,23,644
56,UG,Single,0,27038.0,1,107,7,835
75,UG,Single,0,77457.0,1,1157,18,243
58,PG,Relationship,1,64100.0,1,546,18,449
30,PG,Relationship,0,42670.0,0,241,11,614
46,UG,Single,1,12571.0,0,53,11,348
55,UG,Relationship,3,22574.0,0,37,7,430
33,UG,Relationship,0,52247.25135379061,2,1611,24,666
46,PG,Single,0,70893.0,0,1508,23,578
56,UG,Relationship,2,54198.0,0,235,16,380
66,PG,Relationship,2,28839.0,0,32,7,59
50,UG,Relationship,2,40321.0,0,102,8,521
37,UG,Single,1,66503.0,0,401,15,870
71,UG,Relationship,2,30833.0,0,28,6,534
52,UG,Single,3,52247.25135379061,2,1052,21,496
51,UG,Relationship,1,64795.0,0,680,21,714
48,UG,Relationship,1,34421.0,0,30,4,724
57,PG,Single,2,47025.0,0,20,4,121
61,PG,Single,1,64325.0,0,1307,23,548
69,UG,Single,1,40464.0,0,630,24,426
65,UG,Relationship,0,62187.0,0,1283,18,604
46,PG,Single,1,14849.0,0,65,9,693
38,UG,Relationship,1,27255.0,0,37,5,539
72,PG,Relationship,3,54432.0,0,38,5,483
36,PG,Single,1,29999.0,0,160,12,687
39,UG,Single,1,24072.0,0,23,4,625
33,PG,Single,0,33996.0,0,71,6,418
66,PG,Relationship,1,66334.0,1,1161,19,668
51,PG,Relationship,1,35178.0,2,59,5,457
39,UG,Relationship,1,22010.0,0,33,7,550
62,UG,Single,2,62204.0,0,946,22,753
54,UG,Single,0,75693.0,4,1442,22,933
50,UG,Relationship,1,30675.0,0,62,5,751
57,UG,Relationship,0,83003.0,2,1674,22,669
34,UG,Single,0,68655.0,0,1538,21,815
36,UG,Single,0,41411.0,0,139,8,538
53,PG,Relationship,1,55212.0,2,1182,20,769
72,PG,Relationship,1,59292.0,0,507,18,567
49,UG,Relationship,1,27190.0,2,18,4,504
70,UG,Single,0,82623.0,0,940,16,447
57,UG,Relationship,2,44300.0,0,42,6,557
52,UG,Single,0,84835.0,1,1190,15,199
51,UG,Single,2,30372.0,0,44,8,737
46,PG,Relationship,1,33181.0,1,16,4,306
65,UG,Relationship,1,71113.0,0,835,26,380
36,UG,Relationship,1,71952.0,2,1443,22,457
56,PG,Single,0,69759.0,1,1029,18,430
48,UG,Relationship,0,72099.0,0,1188,18,796
46,PG,Single,1,60000.0,0,1277,24,740
44,UG,Single,2,38643.0,0,49,7,398
67,UG,Relationship,1,50737.0,1,99,7,422
53,PG,Relationship,0,68462.0,0,1670,15,750
79,PG,Relationship,0,65073.0,0,900,14,499
74,PG,Relationship,2,46681.0,0,425,16,509
65,UG,Relationship,0,78618.0,1,2153,22,825
53,PG,Single,1,62187.0,0,636,21,285
44,UG,Relationship,2,28442.0,0,57,10,311
44,PG,Relationship,1,37717.0,0,25,4,769
55,UG,Relationship,2,51479.0,0,494,22,734
53,UG,Single,1,54803.0,0,693,19,863
62,UG,Relationship,0,79530.0,0,1348,26,594
46,UG,Single,1,31615.0,0,51,7,656
60,UG,Relationship,0,72025.0,0,1932,16,775
47,PG,Single,1,52614.0,0,990,16,1085
38,PG,Relationship,1,35684.0,0,30,5,254
47,UG,Relationship,2,48178.0,0,254,16,795
52,PG,Single,1,29548.0,1,29,5,490
56,UG,Single,1,63810.0,1,1371,23,781
50,PG,Single,2,38578.0,1,73,9,558
47,PG,Single,2,46098.0,0,120,11,866
52,UG,Single,0,22585.0,2,81,5,654
33,UG,Single,1,30279.0,0,37,5,732
61,PG,Relationship,1,66426.0,0,1377,20,690
53,UG,Single,1,30822.0,0,51,5,566
53,PG,Relationship,2,33581.0,0,17,4,518
37,UG,Relationship,1,19986.0,0,22,4,413
68,UG,Single,0,27421.0,0,324,14,750
49,PG,Relationship,3,35688.0,0,211,16,862
41,PG,Single,1,36143.0,0,19,4,277
51,UG,Single,1,10245.0,0,41,8,596
54,PG,Relationship,1,43795.0,2,492,17,442
62,UG,Relationship,1,63381.0,0,1005,26,966
73,UG,Relationship,1,38823.0,0,114,7,854
54,PG,Single,2,83664.0,0,1173,19,514
43,UG,Relationship,0,90300.0,1,1738,19,306
43,PG,Relationship,1,62499.0,0,222,12,476
29,UG,Single,0,74293.0,0,1127,16,271
76,PG,Relationship,0,51012.0,0,209,10,623
54,PG,Relationship,1,70777.0,0,787,23,310
31,PG,Relationship,0,68682.0,0,1598,24,570
51,UG,Relationship,2,43824.0,0,186,12,838
38,UG,Relationship,1,15345.0,1,47,6,853
35,UG,Single,1,23442.0,0,27,5,738
42,PG,Relationship,1,14515.0,1,96,11,842
66,PG,Single,2,31395.0,0,64,10,649
57,UG,Relationship,0,75276.0,0,1040,23,826
48,UG,Single,2,42373.0,0,163,13,504
62,UG,Relationship,0,30507.0,0,343,11,424
67,PG,Single,3,55521.0,2,446,24,436
57,UG,Relationship,2,48006.0,0,41,5,117
50,PG,Single,1,27213.0,1,70,9,854
51,PG,Single,2,65808.0,0,272,14,216
48,PG,Relationship,1,30351.0,0,46,6,574
59,UG,Relationship,2,50437.0,0,490,19,806
40,PG,Single,1,23616.0,1,79,8,775
46,UG,Relationship,1,53858.0,0,915,17,842
67,PG,Relationship,1,66465.0,1,1485,35,642
35,UG,Single,1,46923.0,0,369,16,862
60,UG,Relationship,1,75072.0,0,1073,19,708
79,PG,Relationship,0,75865.0,0,1242,19,276
47,PG,Relationship,1,19789.0,1,78,9,407
28,UG,Relationship,0,80134.0,4,1378,21,321
41,UG,Single,0,91065.0,3,1474,26,678
51,PG,Relationship,2,49505.0,0,751,29,608
49,PG,Relationship,1,37401.0,0,48,7,210
39,UG,Relationship,1,30096.0,0,45,6,224
40,PG,Relationship,1,18492.0,0,10,4,240
48,PG,Relationship,0,82584.0,3,1435,16,635
81,PG,Relationship,0,93027.0,1,2119,22,628
69,UG,Relationship,3,48686.0,0,20,4,629
36,UG,Relationship,0,92910.0,3,1795,27,252
33,UG,Relationship,1,75433.0,2,1188,19,242
33,PG,Relationship,1,10404.0,0,43,7,271
54,UG,Relationship,1,61314.0,0,1008,24,616
61,PG,Single,0,84865.0,5,1688,16,483
33,UG,Relationship,1,42387.0,0,684,21,794
55,PG,Relationship,2,67309.0,0,1082,39,708
58,UG,Relationship,1,75236.0,0,1068,25,402
52,UG,Single,1,30015.0,0,57,7,333
66,PG,Relationship,1,50943.0,0,46,5,559
56,UG,Single,1,67272.0,0,733,23,376
73,PG,Single,1,51529.0,0,467,17,541
51,PG,Relationship,1,32011.0,0,122,10,497
36,PG,Relationship,1,7500.0,0,36,7,548
33,UG,Relationship,1,28691.0,0,34,5,634
74,PG,Relationship,1,56223.0,0,156,10,377
76,UG,Relationship,0,18100.0,0,14,4,572
33,UG,Single,1,30279.0,0,37,5,732
48,PG,Relationship,0,20130.0,0,34,5,290
63,UG,Single,0,23295.0,0,20,4,537
50,PG,Single,1,42618.0,0,192,11,478
58,UG,Single,0,81246.0,2,1379,17,368
46,UG,Relationship,1,24027.0,0,48,7,482
69,PG,Relationship,1,55707.0,0,428,16,375
67,UG,Single,1,57959.0,0,868,27,695
53,UG,Relationship,1,56796.0,0,1001,27,684
51,PG,Single,1,36230.0,0,59,7,441
42,PG,Relationship,2,70829.0,0,431,16,719
46,UG,Relationship,1,65991.0,0,971,27,906
50,UG,Relationship,3,38988.0,0,348,19,864
56,PG,Single,0,89572.0,3,2059,24,838
38,PG,Relationship,1,42207.0,2,265,14,727
70,UG,Relationship,1,50300.0,0,270,13,221
40,PG,Relationship,0,66664.0,0,1289,19,828
58,UG,Relationship,1,60597.0,2,893,16,365
73,UG,Single,0,70165.0,0,926,22,466
64,PG,Single,1,50520.0,0,135,9,338
59,UG,Relationship,0,80124.0,1,1495,19,189
47,UG,Relationship,1,33183.0,0,120,9,311
53,PG,Single,0,66582.0,0,1288,20,304
67,PG,Relationship,0,75261.0,3,1743,17,618
52,UG,Single,1,31880.0,0,15,4,792
71,UG,Relationship,2,53790.0,0,542,20,212
51,PG,Relationship,1,49269.0,0,890,25,869
47,UG,Relationship,1,61456.0,0,1388,33,645
42,UG,Relationship,1,37406.0,1,17,4,448
41,PG,Relationship,1,56937.0,2,906,30,998
44,UG,Relationship,2,38415.0,0,44,6,699
34,UG,Single,1,20518.0,0,25,5,228
66,UG,Relationship,1,62503.0,0,973,26,682
50,PG,Single,2,41644.0,0,31,6,118
45,PG,Relationship,1,55842.0,0,518,17,223
50,PG,Relationship,1,62010.0,0,530,19,800
45,UG,Relationship,1,41124.0,0,506,21,792
49,PG,Relationship,1,38961.0,0,70,6,367
50,PG,Single,1,37760.0,0,54,6,419
48,UG,Single,1,32233.0,2,296,12,865
47,UG,Relationship,1,43057.0,0,266,15,428
62,PG,Relationship,0,83151.0,0,747,19,813
58,PG,Single,0,78825.0,1,895,29,839
46,PG,Relationship,1,65104.0,0,1053,17,413
48,UG,Relationship,1,60093.0,0,735,21,554
53,UG,Relationship,1,14045.0,0,20,5,340
70,PG,Single,0,28457.0,0,205,10,795
64,PG,Relationship,1,78952.0,0,2092,21,829
46,UG,Single,1,46310.0,0,309,14,1025
67,UG,Relationship,0,76005.0,1,1722,22,678
58,PG,Single,1,58308.0,0,900,15,396
78,PG,Single,0,55614.0,1,682,20,400
60,PG,Single,1,59432.0,0,663,22,628
44,UG,Single,1,55563.0,0,43,6,242
51,PG,Relationship,1,78642.0,0,1816,18,620
73,PG,Relationship,1,67911.0,0,976,27,224
78,UG,Relationship,0,65275.0,0,746,21,668
72,UG,Relationship,2,27203.0,0,64,6,937
61,PG,Relationship,1,48330.0,0,32,5,412
32,UG,Relationship,0,24279.0,0,263,9,733
37,PG,Relationship,1,64355.0,0,1445,21,860
66,PG,Relationship,1,50943.0,0,46,5,559
69,UG,Single,0,53653.0,0,1210,28,904
46,UG,Relationship,1,65665.0,0,945,24,688
33,UG,Single,0,81217.0,0,1157,22,531
30,UG,Relationship,0,34935.0,0,137,8,559
63,UG,Single,1,61250.0,0,730,25,746
41,PG,Relationship,1,39665.0,1,216,12,586
43,UG,Single,1,60152.0,0,943,23,644
58,UG,Relationship,2,48920.0,1,347,16,438
63,PG,Relationship,0,89120.0,1,1924,19,290
76,PG,Relationship,1,44124.0,0,397,17,422
47,PG,Single,0,81169.0,0,2089,22,627
61,UG,Relationship,2,36443.0,0,138,11,670
32,UG,Single,1,26095.0,0,42,5,550
63,UG,Relationship,0,71367.0,0,777,17,496
78,PG,Relationship,0,80184.0,2,1902,20,363
57,UG,Single,2,30630.0,0,52,7,339
35,PG,Single,0,73454.0,1,1651,13,363
31,UG,Relationship,0,42691.0,0,358,13,503
69,UG,Relationship,0,70503.0,2,1727,16,823
35,UG,Relationship,1,25545.0,1,210,10,875
36,UG,Relationship,1,32880.0,0,42,5,994
64,PG,Relationship,0,77863.0,0,1291,20,400
45,PG,Relationship,0,50353.0,0,442,15,148
58,UG,Single,0,61839.0,0,1895,17,754
62,PG,Relationship,2,49154.0,0,411,19,661
47,PG,Single,1,47682.0,0,521,19,685
53,UG,Single,1,72679.0,0,1168,17,470
45,PG,Relationship,2,57954.0,1,493,23,197
60,UG,Relationship,2,65316.0,0,260,12,617
40,UG,Single,1,28567.0,0,46,7,563
71,PG,Relationship,1,47352.0,0,319,16,423
55,UG,Relationship,1,44931.0,0,96,7,348
55,UG,Single,0,76982.0,2,1062,16,320
70,PG,Relationship,1,57247.0,0,232,12,511
41,PG,Single,1,22944.0,0,76,9,374
45,PG,Relationship,1,25315.0,0,54,9,539
53,UG,Single,1,43638.0,0,201,11,937
38,PG,Single,1,42710.0,0,406,14,764
40,PG,Relationship,0,84169.0,3,1919,20,542
46,UG,Relationship,1,54058.0,0,662,20,635
32,PG,Relationship,1,24683.0,0,41,8,151
58,UG,Single,0,85620.0,1,1600,14,184
42,UG,Relationship,1,47850.0,0,134,8,660
54,UG,Relationship,2,19514.0,2,69,10,340
49,PG,Relationship,2,27159.0,0,21,6,278
59,PG,Single,2,39548.0,0,54,7,276
33,UG,Single,1,21474.0,2,91,8,150
51,PG,Single,1,60504.0,0,526,18,183
59,UG,Relationship,0,22419.0,0,162,8,623
73,PG,Relationship,0,81698.0,1,1008,25,569
70,UG,Relationship,2,43462.0,0,240,16,753
44,PG,Single,1,54880.0,0,795,21,728
40,UG,Relationship,0,79908.0,1,1772,19,607
52,PG,Relationship,0,15315.0,0,64,8,664
63,UG,Relationship,1,87771.0,5,1957,20,589
44,UG,Relationship,1,33039.0,0,78,7,479
42,UG,Single,0,81741.0,0,1572,19,564
51,PG,Relationship,1,71499.0,0,795,26,555
52,PG,Relationship,1,62466.0,0,889,26,351
59,PG,Single,1,48799.0,0,331,15,600
72,PG,Relationship,1,52157.0,0,265,12,179
60,UG,Single,1,66565.0,0,1065,19,964
71,PG,Relationship,2,29298.0,0,11,4,541
43,UG,Single,1,47691.0,0,21,4,604
52,UG,Relationship,2,38200.0,0,17,4,903
48,UG,Relationship,1,44989.0,0,369,16,753
54,PG,Relationship,2,38443.0,0,38,6,339
44,PG,Single,1,38593.0,0,177,11,475
52,PG,Relationship,1,64413.0,0,279,12,723
41,PG,Relationship,1,36959.0,0,62,7,690
45,PG,Relationship,1,61996.0,4,1230,21,700
54,UG,Relationship,2,51287.0,0,182,11,362
52,UG,Relationship,2,13260.0,0,49,10,496
56,PG,Relationship,2,47472.0,0,75,8,472
66,PG,Relationship,2,54603.0,0,227,16,481
48,PG,Relationship,2,45207.0,1,215,15,812
71,UG,Relationship,1,40689.0,0,444,20,654
55,PG,Relationship,2,47821.0,0,47,5,438
71,PG,Relationship,0,27450.0,0,143,7,626
39,UG,Relationship,1,39453.0,0,55,7,303
51,PG,Relationship,2,26850.0,0,63,11,258
67,UG,Single,0,79800.0,4,1867,22,830
61,PG,Relationship,1,61794.0,0,611,20,474
67,UG,Relationship,1,53863.0,1,473,18,229
63,UG,Relationship,0,24221.0,0,55,6,499
38,PG,Single,1,39684.0,1,81,7,752
47,PG,Relationship,0,92163.0,3,2086,21,750
57,PG,Single,0,69882.0,0,1478,20,447
45,UG,Relationship,1,33178.0,0,49,5,336
50,PG,Relationship,0,59973.0,0,382,15,418
47,PG,Relationship,1,17459.0,1,69,9,469
53,UG,Single,1,23910.0,0,67,6,797
53,PG,Relationship,2,42169.0,0,30,6,439
44,PG,Relationship,1,26224.0,0,63,9,635
41,UG,Relationship,1,31089.0,0,79,10,867
61,UG,Single,1,30081.0,0,42,5,679
62,UG,Relationship,1,62807.0,0,819,23,853
67,UG,Single,0,72906.0,0,1151,17,471
74,PG,Relationship,2,61467.0,0,594,20,841
56,PG,Relationship,2,49618.0,0,129,11,705
36,PG,Single,1,21888.0,1,213,12,733
49,UG,Single,1,42429.0,0,67,7,60
66,UG,Single,3,26150.0,0,28,5,424
47,UG,Relationship,1,30801.0,0,45,6,797
57,UG,Relationship,0,81168.0,1,1193,18,180
53,PG,Single,0,26877.0,0,268,12,500
78,PG,Single,0,45006.0,0,266,12,532
49,UG,Relationship,1,18978.0,0,37,5,780
55,UG,Relationship,3,22574.0,0,37,7,430
53,PG,Single,0,48240.0,1,882,25,842
48,UG,Relationship,2,45837.0,0,373,18,524
57,PG,Single,3,35791.0,0,35,6,575
44,UG,Single,2,54162.0,0,42,5,654
62,PG,Relationship,1,30522.0,0,326,17,867
61,PG,Relationship,1,54456.0,0,404,17,420
51,UG,Single,0,31632.0,0,95,6,536
73,UG,Single,0,72298.0,2,939,14,90
44,PG,Single,1,36975.0,0,33,5,369
67,PG,Relationship,0,72635.0,1,981,21,666
46,UG,Relationship,1,13624.0,0,36,7,711
47,UG,Single,1,84196.0,0,1237,20,666
62,UG,Relationship,1,70971.0,1,1825,34,832
45,PG,Single,2,34487.0,0,103,9,936
45,UG,Single,1,28769.0,0,191,12,744
52,PG,Relationship,1,69084.0,0,1586,25,408
64,PG,Relationship,0,65488.0,0,963,14,202
52,PG,Relationship,1,62466.0,0,889,26,351
62,PG,Single,0,32218.0,2,93,7,320
49,UG,Single,0,83917.0,1,1587,21,623
60,UG,Single,3,46102.0,0,16,4,90
70,UG,Single,0,84574.0,0,1375,32,635
60,UG,Relationship,1,56181.0,0,393,14,518
72,PG,Single,1,63120.0,1,1477,26,825
51,UG,Relationship,1,73691.0,1,1179,18,569
62,UG,Relationship,1,63381.0,0,1005,26,966
74,PG,Relationship,0,76140.0,0,1348,21,233
63,PG,Single,1,62859.0,0,1307,23,732
58,UG,Single,1,45906.0,1,486,15,545
75,PG,Relationship,0,77632.0,3,2252,13,455
51,PG,Relationship,2,46463.0,0,235,17,501
52,UG,Relationship,0,105471.0,3,1724,30,710
52,PG,Single,1,55282.0,0,235,11,384
45,PG,Relationship,1,78710.0,0,1092,28,223
64,UG,Relationship,1,66886.0,0,599,17,472
62,PG,Single,0,98777.0,1,2008,19,318
37,UG,Relationship,1,29103.0,0,48,6,857
48,UG,Relationship,1,67445.0,0,1174,32,754
72,PG,Relationship,1,50616.0,0,67,7,263
67,UG,Single,1,49431.0,0,365,15,1029
69,UG,Relationship,1,61278.0,0,165,10,275
64,PG,Relationship,0,26490.0,0,210,11,831
75,PG,Relationship,1,73059.0,0,1095,26,488
56,PG,Single,3,46734.0,1,223,12,437
59,UG,Relationship,1,56253.0,0,597,22,903
37,UG,Relationship,1,19986.0,0,22,4,413
47,UG,Single,1,58330.0,0,1064,24,372
42,UG,Relationship,0,25965.0,0,74,6,906
66,PG,Relationship,0,14661.0,0,26,5,730
63,UG,Relationship,0,18690.0,0,60,5,734
48,PG,Relationship,1,45068.0,0,20,4,595
35,UG,Single,1,21063.0,0,59,7,463
54,PG,Relationship,1,29187.0,0,34,5,483
51,PG,Relationship,2,54690.0,0,198,12,539
58,PG,Relationship,1,59304.0,0,1048,28,521
60,PG,Single,2,59247.0,0,574,21,508
52,UG,Single,1,66731.0,0,1029,17,753
42,UG,Relationship,1,77353.0,0,670,20,381
47,PG,Single,1,52614.0,0,990,16,1085
48,UG,Relationship,2,26751.0,0,11,4,224
59,PG,Relationship,1,81300.0,2,1241,21,793
43,UG,Single,0,70337.0,0,576,17,334
37,PG,Relationship,1,36145.0,2,172,12,564
42,PG,Single,0,65295.0,0,664,20,374
59,UG,Single,1,68118.0,0,928,23,440
55,UG,Single,0,68743.0,0,2074,30,854
40,PG,Relationship,0,41039.0,0,467,15,525
67,UG,Relationship,1,38946.0,0,257,12,434
55,UG,Relationship,0,65777.0,0,1146,17,378
46,PG,Single,1,66476.0,0,689,20,547
50,PG,Single,0,86857.0,1,2114,22,753
33,PG,Relationship,0,77845.0,2,1346,21,230
53,PG,Relationship,0,69476.0,0,1044,15,458
62,PG,Single,1,50611.0,2,493,22,996
52,UG,Single,0,61209.0,0,957,13,494
64,PG,Relationship,1,42315.0,0,270,12,390
70,UG,Relationship,0,13084.0,0,29,5,689
73,PG,Single,2,47570.0,1,121,9,582
61,PG,Relationship,2,61923.0,0,126,8,524
27,UG,Single,0,34824.0,0,23,4,281
73,PG,Single,2,26518.0,1,57,8,515
61,UG,Single,0,45938.0,0,636,20,661
62,UG,Relationship,0,78468.0,1,1004,28,119
49,UG,Single,1,78901.0,0,734,20,471
44,UG,Relationship,2,71427.0,0,614,20,29
44,UG,Single,1,71022.0,1,1453,21,60
34,PG,Single,0,90247.0,4,1621,15,247
54,PG,Single,1,41335.0,0,187,12,371
36,UG,Relationship,1,71952.0,2,1443,22,457
52,PG,Single,1,35682.0,0,57,6,188
71,UG,Single,1,43185.0,0,637,20,454
74,PG,Relationship,1,66375.0,1,948,14,406
51,PG,Relationship,1,35178.0,2,59,5,457
36,UG,Relationship,1,25252.0,0,18,4,390
57,PG,Single,1,55250.0,0,903,26,802
47,UG,Single,1,33249.0,0,112,8,680
69,UG,Relationship,0,58398.0,0,596,20,597
40,UG,Relationship,1,50272.0,0,233,13,542
47,PG,Relationship,0,76618.0,0,1511,11,903
62,PG,Single,0,87305.0,2,1152,17,830
44,UG,Relationship,1,25851.0,0,48,7,425
52,UG,Single,1,58710.0,0,1185,31,641
64,UG,Single,2,45160.0,0,21,4,278
57,PG,Relationship,1,74806.0,0,965,16,743
68,UG,Relationship,0,59111.0,0,869,21,695
38,PG,Relationship,1,18988.0,0,16,6,223
57,UG,Relationship,0,72190.0,0,1947,16,687
46,UG,Relationship,1,7500.0,2,71,12,1089
56,UG,Relationship,1,44794.0,0,65,6,148
67,UG,Relationship,0,80395.0,1,1380,24,404
46,PG,Single,0,75012.0,0,1027,23,341
57,PG,Relationship,3,56962.0,0,411,21,417
31,UG,Relationship,0,89891.0,1,836,26,626
73,PG,Single,2,35946.0,0,11,4,461
69,PG,Relationship,2,53593.0,0,480,23,907
44,UG,Relationship,2,66373.0,0,606,23,391
74,PG,Single,3,45072.0,0,284,16,442
49,UG,Single,2,89694.0,3,1472,14,478
73,UG,Relationship,0,72025.0,4,1677,26,247
49,UG,Relationship,1,67432.0,0,1335,19,643
70,PG,Relationship,1,70545.0,0,334,13,301
33,UG,Relationship,1,17487.0,0,18,4,654
53,UG,Relationship,1,62882.0,0,1338,20,845
69,PG,Single,1,64108.0,0,1099,30,649
66,PG,Relationship,2,34941.0,0,97,8,577
72,PG,Single,3,48767.0,0,63,9,365
44,PG,Relationship,1,38702.0,0,109,9,723
58,UG,Relationship,0,82224.0,1,902,21,341
70,UG,Relationship,0,83844.0,1,1574,20,392
47,PG,Relationship,1,17003.0,0,38,9,476
27,UG,Single,0,71163.0,0,960,24,120
52,UG,Single,1,33697.0,1,28,4,473
68,PG,Relationship,0,63564.0,2,1215,28,337
50,PG,Relationship,0,83443.0,0,1497,22,366
64,PG,Relationship,1,51518.0,0,449,17,662
47,UG,Single,1,58330.0,0,1064,24,372
53,UG,Relationship,0,80952.0,4,1757,25,672
43,UG,Relationship,0,75507.0,0,1440,21,330
44,PG,Relationship,0,63855.0,0,1006,24,486
50,PG,Relationship,1,62220.0,1,1226,23,784
58,UG,Relationship,1,58512.0,0,1171,20,469
43,PG,Relationship,1,40662.0,0,92,8,657
63,PG,Relationship,1,38829.0,0,99,8,211
41,PG,Relationship,1,35523.0,0,66,8,662
55,UG,Single,2,79146.0,0,564,19,252
34,PG,Relationship,0,78285.0,0,1427,21,430
44,PG,Single,1,31626.0,2,86,6,453
70,UG,Single,0,75127.0,0,833,19,224
67,UG,Relationship,1,48726.0,0,242,12,614
45,UG,Relationship,0,74985.0,0,1869,17,783
35,UG,Relationship,0,67430.0,0,1364,29,967
57,PG,Relationship,1,46891.0,0,183,8,722
66,PG,Relationship,1,62058.0,0,450,18,585
43,UG,Relationship,1,72063.0,0,758,21,665
71,PG,Relationship,0,78939.0,0,1507,20,385
57,UG,Single,2,42720.0,1,654,25,617
50,UG,Relationship,2,33622.0,0,81,9,628
65,PG,Relationship,1,6835.0,0,137,1,872
69,UG,Relationship,2,41452.0,0,16,4,577
57,PG,Single,1,40760.0,0,93,8,489
64,PG,Relationship,0,74250.0,0,1158,18,340
67,PG,Single,2,51124.0,0,43,6,379
51,UG,Single,1,72258.0,0,1525,22,388
48,PG,Single,0,71466.0,0,1230,19,242
46,UG,Relationship,2,36283.0,0,29,6,262
52,UG,Single,1,20587.0,0,25,5,57
50,UG,Relationship,1,30467.0,0,24,4,288
50,UG,Relationship,1,31590.0,0,38,5,562
36,UG,Relationship,1,20425.0,0,57,7,794
62,PG,Relationship,2,17144.0,0,47,12,320
54,PG,Single,1,42564.0,2,813,24,699
44,PG,Relationship,1,43783.0,1,629,22,217
46,UG,Single,1,40780.0,0,377,17,875
77,PG,Relationship,0,62847.0,0,1612,14,716
65,PG,Relationship,0,82017.0,4,729,17,904
72,UG,Single,0,16813.0,1,50,6,531
44,UG,Relationship,2,51267.0,0,270,15,429
61,UG,Single,1,46524.0,0,177,9,607
60,PG,Single,0,45183.0,1,315,13,711
68,PG,Relationship,1,70421.0,0,767,23,187
57,PG,Single,1,60161.0,0,1071,26,800
49,UG,Relationship,0,73926.0,0,1580,24,697
54,UG,Relationship,1,19329.0,0,60,10,383
52,PG,Relationship,1,61872.0,0,573,21,384
66,UG,Single,2,46984.0,0,41,5,646
71,UG,Relationship,2,34838.0,0,170,10,712
78,PG,Single,0,82716.0,0,1167,28,600
64,UG,Relationship,0,48192.0,4,1526,25,576
46,PG,Relationship,2,49681.0,0,458,21,630
51,PG,Relationship,1,56850.0,0,63,6,284
65,UG,Relationship,1,55267.0,0,405,17,437
50,UG,Relationship,2,59666.0,1,1027,20,650
50,UG,Single,1,72504.0,0,1478,22,576
41,UG,Relationship,0,26872.0,0,72,5,442
50,UG,Single,1,21359.0,1,48,7,621
47,UG,Single,0,73170.0,0,726,16,215
67,PG,Relationship,1,52750.0,0,860,27,639
36,PG,Relationship,0,91820.0,0,1497,22,404
52,PG,Relationship,1,65968.0,0,495,18,27
46,UG,Relationship,2,30772.0,0,20,4,29
68,UG,Single,0,22507.0,0,570,19,768
50,UG,Relationship,1,65685.0,0,769,21,278
44,PG,Relationship,1,25804.0,0,55,7,722
42,PG,Single,0,76412.0,3,1808,18,606
50,UG,Relationship,1,22063.0,0,55,7,511
61,UG,Single,0,57091.0,2,577,18,200
59,UG,Relationship,0,22419.0,0,162,8,623
63,UG,Relationship,1,87771.0,5,1957,20,589
63,PG,Single,1,78353.0,0,1576,24,625
68,UG,Relationship,3,93404.0,2,1616,17,545
60,UG,Single,3,37859.0,0,36,6,396
64,PG,Single,1,80995.0,0,1482,22,422
38,UG,Relationship,1,16529.0,0,22,5,363
46,PG,Single,2,55412.0,0,63,6,405
30,UG,Single,0,48789.0,0,680,18,814
55,PG,Relationship,2,56575.0,0,542,20,606
42,PG,Relationship,1,25130.0,0,50,7,690
55,UG,Relationship,2,35441.0,0,39,6,686
66,UG,Relationship,1,71391.0,0,1043,28,643
50,PG,Single,1,49494.0,0,385,14,616
42,UG,Single,0,81702.0,0,1633,27,830
42,PG,Single,1,45889.0,0,46,5,693
45,UG,Single,1,56628.0,1,761,20,286
72,UG,Relationship,2,34026.0,0,76,9,603
48,UG,Relationship,1,40049.0,0,290,14,763
34,UG,Single,1,34176.0,0,89,11,27
41,UG,Relationship,1,19419.0,0,70,11,812
62,PG,Relationship,0,82504.0,0,1066,17,523
52,UG,Relationship,0,81205.0,4,2009,19,353
31,PG,Single,0,61618.0,0,1345,19,824
66,PG,Single,1,55284.0,0,764,23,738
59,UG,Single,1,49980.0,0,195,11,435
42,UG,Relationship,2,15072.0,0,53,11,453
48,UG,Single,1,49166.0,0,368,13,567
68,PG,Relationship,1,65324.0,0,544,20,61
65,PG,Relationship,0,82347.0,2,1853,25,934
56,PG,Relationship,2,30843.0,1,35,6,220
48,PG,Relationship,1,46374.0,3,446,18,290
43,UG,Single,1,60474.0,0,1180,31,727
49,PG,Relationship,1,38576.0,0,41,5,273
37,UG,Relationship,2,55357.0,0,727,22,681
56,UG,Relationship,2,37758.0,0,40,6,996
33,PG,Relationship,0,85710.0,1,1062,26,606
53,UG,Relationship,1,23228.0,0,40,7,340
53,PG,Relationship,2,44602.0,0,292,17,320
35,UG,Relationship,0,7500.0,0,15,4,487
33,PG,Relationship,1,38683.0,0,341,17,996
47,PG,Single,1,49514.0,0,369,13,380
49,PG,Relationship,1,57906.0,0,401,17,421
56,PG,Single,1,43456.0,0,393,17,646
36,PG,Single,2,19485.0,0,10,4,464
44,UG,Relationship,1,53172.0,0,486,16,575
43,UG,Relationship,1,30545.0,0,69,7,806
39,PG,Relationship,0,70123.0,2,1727,17,460
63,UG,Single,1,62450.0,1,995,16,214
46,UG,Relationship,1,21675.0,0,45,10,56
41,PG,Single,2,42395.0,0,182,12,272
44,PG,Relationship,1,61346.0,0,989,23,570
69,UG,Relationship,0,80812.0,3,1677,18,471
51,PG,Single,2,42835.0,0,595,23,550
39,UG,Relationship,1,39922.0,0,156,9,686
66,PG,Single,0,86424.0,0,1226,28,242
44,PG,Relationship,1,17117.0,0,128,11,714
50,UG,Single,1,24762.0,2,86,9,91
47,UG,Relationship,1,35797.0,0,68,7,807
47,UG,Single,2,36627.0,0,16,4,527
41,PG,Relationship,2,51111.0,0,55,7,196
50,PG,Single,0,86857.0,1,2114,22,753
52,PG,Relationship,0,82072.0,0,2018,19,693
69,PG,Single,3,46231.0,0,263,15,766
63,UG,Relationship,2,42243.0,0,55,7,415
60,UG,Relationship,2,51195.0,0,564,24,727
44,PG,Single,0,68092.0,0,1281,20,381
49,UG,Relationship,1,31814.0,1,83,7,486
57,PG,Single,2,51390.0,0,353,18,875
39,UG,Relationship,0,76630.0,0,1003,25,352
31,UG,Single,1,26868.0,0,14,4,246
79,PG,Single,0,48948.0,2,902,24,729
50,PG,Single,1,55260.0,0,1139,25,750
66,UG,Relationship,1,64090.0,1,797,20,542
64,UG,Single,1,78331.0,0,1638,25,343
48,PG,Relationship,1,37087.0,0,401,17,419
36,UG,Single,1,21846.0,0,84,11,436
64,UG,Relationship,0,81320.0,0,928,18,578
52,UG,Single,1,54137.0,0,203,11,503
55,UG,Relationship,0,66825.0,0,858,16,536
49,UG,Relationship,0,57100.0,0,409,13,629
53,UG,Relationship,3,58917.0,0,282,16,648
45,UG,Single,0,85072.0,0,1423,18,119
61,UG,Single,0,86429.0,2,1449,18,406
51,UG,Single,1,45684.0,0,28,4,688
48,UG,Relationship,1,47889.0,0,67,6,275
36,PG,Relationship,0,45921.0,0,199,10,90
56,PG,Single,0,78420.0,0,1453,22,551
30,UG,Relationship,0,75114.0,0,1253,19,539
59,PG,Single,1,52278.0,1,1198,31,706
50,PG,Relationship,1,35641.0,1,178,10,536
28,UG,Single,0,95529.0,2,1990,18,1025
68,UG,Relationship,0,62820.0,0,976,14,422
62,PG,Relationship,0,73113.0,0,1001,15,371
40,PG,Relationship,0,84169.0,3,1919,20,542
68,PG,Single,1,42607.0,0,350,14,410
68,PG,Single,0,74637.0,1,1650,25,593
67,PG,Relationship,2,46015.0,2,46,5,263
29,UG,Single,0,72354.0,0,1228,19,624
53,PG,Single,1,39858.0,1,95,7,707
74,PG,Relationship,2,34469.0,0,62,9,271
36,UG,Relationship,1,83033.0,1,1761,26,228
43,PG,Relationship,0,24401.0,0,467,16,853
44,UG,Relationship,0,77583.0,1,1149,19,91
40,PG,Single,0,74116.0,1,2052,19,367
29,UG,Single,0,74293.0,0,1127,16,271
46,PG,Relationship,1,68397.0,0,1416,21,410
48,PG,Relationship,0,79632.0,0,1113,20,150
33,UG,Single,1,46107.0,0,125,7,91
71,PG,Single,1,64950.0,1,966,25,754
33,UG,Relationship,1,25443.0,0,32,5,740
70,UG,Single,0,75127.0,0,833,19,224
51,PG,Relationship,1,32892.0,0,46,8,221
51,UG,Relationship,0,71796.0,0,960,17,434
52,PG,Relationship,1,67536.0,1,1829,30,589
51,UG,Single,1,55239.0,0,779,26,536
47,PG,Single,1,60554.0,0,811,23,480
70,PG,Single,2,64831.0,0,1120,22,452
60,PG,Relationship,1,56067.0,0,725,20,530
39,UG,Single,0,82025.0,2,1187,12,583
69,UG,Relationship,0,94384.0,4,2302,18,638
36,UG,Single,0,14906.0,0,66,9,740
35,PG,Relationship,0,51563.0,2,1250,19,1087
40,PG,Relationship,1,57937.0,0,683,20,319
43,UG,Single,2,68274.0,0,305,13,458
45,UG,Relationship,1,39771.0,0,50,6,568
47,PG,Single,1,67893.0,0,995,16,1087
43,PG,Relationship,1,27922.0,0,41,6,88
46,PG,Relationship,2,52190.0,1,77,9,149
49,PG,Single,2,44051.0,1,171,12,702
51,PG,Single,2,42767.0,0,131,7,422
46,PG,Relationship,2,46106.0,0,54,5,57
46,PG,Relationship,2,16927.0,0,53,12,456
57,UG,Relationship,1,59754.0,1,475,16,1085
70,UG,Single,1,53700.0,0,694,22,867
49,UG,Relationship,2,59041.0,0,96,8,180
65,PG,Single,1,54237.0,0,361,16,614
55,UG,Single,1,70647.0,0,1079,26,832
60,PG,Single,1,52597.0,0,578,20,180
53,PG,Relationship,1,41021.0,1,64,7,732
47,PG,Relationship,1,40233.0,0,149,13,444
42,UG,Relationship,2,50183.0,0,231,17,190
63,UG,Relationship,1,54753.0,0,728,21,388
49,UG,Relationship,0,92955.0,3,1778,23,500
49,UG,Relationship,1,33471.0,0,93,10,752
48,PG,Relationship,1,34596.0,1,23,4,628
42,UG,Relationship,1,44010.0,0,662,24,810
34,UG,Relationship,0,84219.0,0,1198,18,333
54,PG,Relationship,3,40706.0,0,81,11,714
34,PG,Relationship,1,15716.0,0,92,10,751
63,PG,Single,1,59052.0,0,491,18,410
51,PG,Relationship,0,80573.0,0,1564,24,809
60,UG,Relationship,0,83715.0,0,926,24,305
63,PG,Relationship,0,82576.0,1,1910,19,1089
57,PG,Relationship,3,56962.0,0,411,21,417
70,UG,Relationship,2,35704.0,0,94,9,306
68,UG,Relationship,1,53103.0,1,1085,28,388
62,PG,Single,2,46779.0,0,23,4,390
57,UG,Single,0,4861.0,0,6,0,193
43,PG,Single,1,33462.0,0,54,6,542
44,UG,Single,1,63693.0,0,1150,29,444
72,UG,Relationship,0,80763.0,3,1415,23,504
48,PG,Relationship,1,65352.0,0,405,16,498
44,PG,Relationship,0,82170.0,0,1908,19,402
53,UG,Relationship,0,75759.0,4,2486,26,433
46,PG,Single,0,79689.0,0,1315,27,392
66,PG,Single,2,35340.0,0,45,7,186
68,UG,Single,0,85683.0,5,1789,17,286
50,PG,Relationship,1,24884.0,0,19,4,763
41,PG,Relationship,1,42021.0,1,573,22,853
33,UG,Single,1,64449.0,0,805,24,317
68,UG,Single,2,64587.0,0,108,8,193
27,UG,Single,0,34824.0,0,23,4,281
44,UG,Relationship,0,75437.0,1,1493,23,477
65,UG,Relationship,2,26091.0,0,89,9,310
49,UG,Relationship,1,52845.0,1,936,25,506
66,UG,Single,1,46086.0,0,343,16,661
66,PG,Single,1,78028.0,3,528,20,814
35,PG,Single,0,95169.0,3,1901,12,478
41,PG,Relationship,2,56337.0,3,724,22,645
35,UG,Relationship,1,22434.0,0,58,7,687
68,PG,Relationship,1,36930.0,0,297,16,594
68,UG,Single,1,36130.0,2,488,21,698
69,PG,Relationship,1,65569.0,0,859,23,965
70,UG,Relationship,0,83844.0,1,1574,20,392
54,UG,Relationship,2,19514.0,1,69,10,340
59,PG,Single,2,36736.0,0,17,4,453
43,UG,Relationship,1,77568.0,3,2194,21,859
46,PG,Relationship,1,49187.0,0,116,8,61
44,UG,Single,1,30168.0,0,279,18,547
54,PG,Relationship,1,34053.0,0,103,7,814
51,PG,Relationship,2,38196.0,0,44,9,258
71,PG,Relationship,0,59412.0,0,406,15,257
57,PG,Relationship,0,70924.0,1,1363,20,181
53,UG,Relationship,0,54165.0,0,236,11,583
49,UG,Relationship,1,32300.0,0,39,5,671
46,UG,Single,0,20180.0,0,137,8,680
49,UG,Relationship,1,34961.0,0,79,10,196
48,PG,Relationship,1,28440.0,0,63,6,543
69,PG,Relationship,3,64504.0,1,1314,25,638
56,PG,Relationship,1,33564.0,0,71,6,191
44,UG,Relationship,1,17345.0,0,58,7,1026
55,PG,Relationship,1,56320.0,0,702,21,515
44,UG,Single,1,28647.0,2,94,7,498
35,UG,Single,1,15038.0,0,80,7,702
64,PG,Single,1,32173.0,0,22,5,723
58,PG,Relationship,1,68316.0,0,1211,32,995
51,UG,Relationship,0,74538.0,2,1461,22,551
51,UG,Single,0,91700.0,1,1968,20,714
53,UG,Relationship,0,68695.0,0,1091,16,190
45,PG,Relationship,1,31056.0,0,55,5,709
49,UG,Relationship,0,79593.0,1,1366,19,27
42,UG,Single,0,28071.0,0,313,13,855
64,PG,Relationship,2,37334.0,0,62,11,309
50,PG,Single,2,46423.0,0,92,9,470
51,PG,Relationship,1,37126.0,2,72,6,277
69,UG,Relationship,1,47703.0,0,655,21,582
63,UG,Relationship,1,61180.0,1,704,18,253
68,UG,Relationship,2,38998.0,0,54,8,1026
31,UG,Single,0,8028.0,0,178,16,835
60,UG,Relationship,0,76081.0,1,1033,14,223
36,UG,Relationship,1,34728.0,1,36,5,520
57,PG,Single,1,33168.0,0,122,10,810
56,PG,Relationship,1,33585.0,0,122,7,463
62,PG,Relationship,1,77037.0,0,1123,27,445
38,UG,Relationship,1,35196.0,1,497,18,779
56,UG,Relationship,1,44529.0,1,691,25,604
57,PG,Relationship,0,70924.0,1,1363,20,181
56,PG,Relationship,2,28764.0,1,12,4,240
73,PG,Relationship,0,69098.0,0,2440,25,684
52,PG,Single,2,25959.0,1,56,7,686
39,PG,Relationship,1,27100.0,0,37,5,607
37,UG,Single,0,70596.0,0,968,21,966
48,UG,Relationship,1,42557.0,0,270,15,855
71,PG,Relationship,0,53312.0,0,278,12,480
70,UG,Single,0,72228.0,0,1250,22,765
35,UG,Relationship,0,67605.0,0,938,17,641
73,PG,Relationship,2,62845.0,1,1178,28,1087
64,UG,Relationship,2,65196.0,1,1155,26,525
35,PG,Single,0,42000.0,1,653,20,457
49,PG,Single,2,35860.0,1,49,6,227
58,PG,Relationship,1,65526.0,0,506,17,58
61,UG,Relationship,2,16860.0,0,38,8,753
30,UG,Single,0,83528.0,3,1650,23,361
57,PG,Single,1,64176.0,0,1826,33,1029
66,UG,Single,0,22304.0,0,18,4,998
44,UG,Relationship,0,67023.0,0,906,24,273
51,PG,Relationship,1,32892.0,0,46,8,221
56,UG,Relationship,1,70713.0,0,1477,25,1025
67,UG,Relationship,1,59925.0,0,766,23,762
69,UG,Relationship,1,39722.0,0,47,7,311
64,UG,Relationship,0,46610.0,0,467,14,532
61,UG,Relationship,0,88347.0,1,2116,21,665
41,PG,Relationship,0,87171.0,2,1298,25,726
46,PG,Relationship,2,26907.0,0,22,6,499
54,PG,Single,1,50014.0,0,396,15,344
44,PG,Relationship,1,41014.0,0,20,4,619
57,UG,Single,0,66294.0,0,967,13,290
51,UG,Relationship,1,36715.0,1,357,19,775
66,UG,Relationship,0,79456.0,1,1401,16,862
40,UG,Relationship,1,40479.0,0,15,4,502
52,PG,Single,0,75345.0,2,2087,20,698
45,UG,Relationship,1,54233.0,0,981,26,639
52,UG,Single,2,24163.0,0,17,6,387
64,PG,Relationship,0,84460.0,5,523,22,640
39,UG,Relationship,1,43776.0,0,23,4,302
64,PG,Single,0,71691.0,1,1192,17,290
49,PG,Relationship,0,85844.0,1,1958,20,217
48,PG,Single,1,39190.0,0,133,9,250
63,UG,Relationship,0,71367.0,0,777,17,496
50,PG,Single,2,38578.0,0,73,9,558
57,PG,Relationship,2,57236.0,0,121,10,29
43,UG,Single,1,61825.0,0,424,15,542
64,UG,Single,1,79803.0,0,868,13,329
36,PG,Single,0,80910.0,0,756,15,792
40,PG,Relationship,1,27590.0,0,12,4,618
43,UG,Relationship,1,56775.0,0,937,25,699
47,UG,Single,0,83829.0,4,1862,17,509
43,PG,Relationship,1,54210.0,0,367,14,591
36,UG,Relationship,1,38508.0,0,443,20,692
52,UG,Relationship,1,53187.0,0,267,13,432
50,UG,Relationship,1,30023.0,0,61,6,283
62,PG,Single,0,76045.0,1,1323,21,412
70,PG,Relationship,1,50870.0,0,63,6,196
52,PG,Relationship,0,15315.0,0,64,8,664
48,PG,Relationship,1,65463.0,1,562,19,336
57,UG,Relationship,2,66480.0,0,312,19,215
68,UG,Single,0,76773.0,0,1156,16,675
39,PG,Single,0,81698.0,2,1104,16,728
49,PG,Single,2,54466.0,0,16,4,121
62,PG,Single,0,98777.0,1,2008,19,318
38,PG,Single,1,16269.0,0,44,9,489
51,UG,Relationship,1,71819.0,2,1574,14,491
39,PG,Relationship,1,33569.0,2,63,5,442
39,PG,Relationship,0,36262.0,2,426,12,468
56,UG,Relationship,0,22634.0,0,96,6,715
44,PG,Relationship,1,47025.0,0,635,23,388
54,UG,Single,1,70566.0,0,757,22,570
43,PG,Relationship,1,31605.0,0,125,9,770
49,PG,Single,2,52034.0,0,332,16,594
43,UG,Single,1,48526.0,0,135,8,373
68,UG,Relationship,1,46734.0,0,330,14,774
60,UG,Single,2,39552.0,1,384,20,744
56,UG,Single,2,86358.0,0,1722,18,876
45,UG,Relationship,3,46931.0,0,78,7,252
37,UG,Single,0,16581.0,0,24,4,396
70,PG,Single,0,63998.0,1,1168,25,377
71,PG,Relationship,1,67381.0,1,957,17,716
55,UG,Single,2,25930.0,0,15,4,448
44,UG,Relationship,1,42693.0,0,57,5,179
46,UG,Relationship,1,85606.0,1,1956,24,751
37,UG,Single,0,72903.0,4,2013,21,429
48,PG,Relationship,1,49669.0,0,326,14,222
54,PG,Relationship,2,36778.0,0,77,9,968
60,PG,Single,0,85696.0,1,1313,20,667
33,PG,Single,0,10979.0,0,30,8,224
61,UG,Relationship,1,49678.0,0,315,14,698
69,PG,Relationship,1,56129.0,0,660,22,560
33,UG,Relationship,1,37155.0,0,74,7,700
44,PG,Single,1,21282.0,0,46,7,57
60,PG,Single,1,33419.0,0,86,8,502
77,UG,Single,0,63285.0,0,1103,25,600
48,PG,Relationship,1,21255.0,0,61,11,345
41,UG,Relationship,1,42162.0,2,145,9,408
66,UG,Relationship,2,54450.0,0,684,31,839
68,PG,Relationship,1,57744.0,0,411,16,386
36,UG,Single,1,26576.0,2,27,4,810
79,PG,Single,0,57513.0,0,1060,27,573
58,UG,Relationship,1,68142.0,0,1459,24,855
43,UG,Relationship,1,7500.0,0,18,4,855
48,UG,Relationship,0,83145.0,2,1833,26,831
62,PG,Relationship,1,54197.0,0,237,12,303
59,PG,Single,2,23091.0,0,48,10,218
46,UG,Relationship,2,46049.0,1,515,26,529
48,UG,Relationship,0,56715.0,0,1020,15,964
61,UG,Relationship,0,79410.0,0,1370,11,217
71,UG,Relationship,1,57304.0,0,1026,25,424
57,UG,Relationship,1,44375.0,0,301,12,284
66,UG,Relationship,2,54450.0,0,684,31,839
57,UG,Relationship,1,59594.0,1,499,17,803
28,UG,Relationship,0,80685.0,0,1004,21,862
48,PG,Relationship,1,40344.0,0,218,12,445
50,UG,Relationship,1,62710.0,0,606,22,588
54,PG,Relationship,1,48985.0,0,75,6,604
54,UG,Relationship,3,35322.0,0,106,9,862
74,UG,Relationship,0,77142.0,0,990,17,582
53,UG,Single,0,81657.0,0,1097,16,344
26,UG,Relationship,0,14421.0,1,16,4,318
48,PG,Relationship,0,20130.0,0,34,5,290
32,PG,Relationship,0,74214.0,0,1711,16,858
65,PG,Relationship,2,66726.0,1,438,17,31
43,UG,Relationship,1,23724.0,0,75,7,518
62,PG,Relationship,1,47353.0,0,225,13,414
70,PG,Relationship,2,33444.0,0,18,4,1026
41,UG,Relationship,1,54386.0,0,470,17,594
41,UG,Single,2,28510.0,0,91,9,628
31,PG,Single,0,90638.0,1,2525,18,322
72,UG,Relationship,1,48070.0,0,504,19,718
65,UG,Relationship,1,43140.0,0,235,11,610
61,PG,Single,1,54959.0,2,1232,21,712
64,UG,Single,2,15056.0,0,88,12,667
51,UG,Single,1,26954.0,0,17,4,149
37,UG,Single,1,22327.0,0,24,5,692
57,UG,Relationship,2,44393.0,0,60,7,497
70,PG,Single,1,62000.0,1,1020,26,494
60,PG,Relationship,1,31497.0,0,155,10,933
48,PG,Relationship,2,45894.0,0,51,5,308
52,PG,Single,0,78579.0,1,1812,16,740
53,PG,Single,1,67369.0,3,1461,25,775
62,UG,Single,1,58401.0,0,96,6,256
70,UG,Single,1,62307.0,0,160,9,318
53,PG,Relationship,2,43641.0,0,139,10,619
54,PG,Single,1,63841.0,0,908,22,620
57,PG,Relationship,1,46891.0,0,183,8,722
53,PG,Relationship,1,70091.0,1,1161,19,641
50,PG,Relationship,0,78075.0,0,988,14,242
61,PG,Single,1,59184.0,0,1072,27,844
45,UG,Relationship,2,54809.0,0,174,12,418
63,UG,Relationship,1,58113.0,0,758,22,706
64,PG,Relationship,1,51412.0,0,195,11,366
43,UG,Single,1,15287.0,2,31,6,813
65,PG,Relationship,0,66636.0,0,1084,17,502
66,PG,Relationship,1,50965.0,1,685,22,680
57,PG,Relationship,0,84618.0,1,1672,26,405
32,UG,Relationship,0,18351.0,0,43,6,429
65,PG,Relationship,2,40451.0,1,49,5,319
57,UG,Relationship,1,36317.0,0,133,9,589
65,UG,Relationship,1,42213.0,1,363,15,387
67,UG,Relationship,1,65748.0,0,545,18,626
50,UG,Relationship,1,77044.0,1,1065,31,431
53,UG,Relationship,0,74918.0,1,2047,21,394
50,UG,Relationship,2,56721.0,0,296,15,792
47,UG,Single,2,42160.0,1,140,11,552
57,UG,Single,1,61559.0,0,530,17,533
59,PG,Relationship,2,33629.0,0,152,13,876
31,PG,Relationship,0,68682.0,0,1598,24,570
59,UG,Single,1,34377.0,0,114,8,712
36,UG,Single,1,8940.0,0,101,10,862
49,UG,Relationship,1,26228.0,0,25,4,466
65,PG,Single,0,77297.0,1,789,22,705
41,UG,Relationship,2,40211.0,1,87,7,520
64,PG,Single,2,33438.0,0,90,11,466
63,PG,Relationship,1,75032.0,0,1215,20,613
67,PG,Single,0,61284.0,1,811,22,387
36,UG,Relationship,1,22518.0,2,61,7,801
47,PG,Relationship,1,54730.0,0,405,18,504
67,PG,Relationship,2,38452.0,0,72,9,277
51,UG,Single,2,44421.0,0,189,14,685
36,PG,Relationship,1,38197.0,0,40,5,551
44,UG,Single,1,41986.0,0,63,10,121
39,UG,Relationship,1,28427.0,0,52,7,651
46,PG,Relationship,1,37395.0,0,39,5,330
51,UG,Relationship,1,64722.0,0,805,25,220
66,PG,Relationship,1,55249.0,0,130,8,259
50,UG,Relationship,0,84906.0,3,1631,24,631
33,UG,Relationship,1,28691.0,0,34,5,634
70,UG,Single,2,44213.0,0,152,12,398
38,UG,Single,1,25707.0,0,21,5,348
55,PG,Relationship,3,59062.0,0,71,7,662
60,UG,Single,1,76624.0,1,899,23,222
75,PG,Relationship,0,66000.0,0,711,10,256
44,PG,Relationship,1,27683.0,0,351,16,998
51,UG,Single,0,1730.0,0,8,15,228
30,UG,Single,1,7500.0,0,119,11,1025
54,UG,Relationship,2,40521.0,0,21,4,607
49,PG,Relationship,1,20427.0,0,10,4,283
47,UG,Relationship,1,65106.0,1,973,27,222
57,PG,Relationship,0,69969.0,3,1536,13,492
70,UG,Relationship,2,67433.0,1,992,28,534
55,PG,Relationship,1,77766.0,2,1529,34,678
50,UG,Relationship,1,74716.0,0,860,17,388
59,UG,Single,1,68118.0,0,928,23,440
52,PG,Relationship,2,55158.0,1,418,18,885
67,PG,Relationship,1,62972.0,1,587,16,1029
47,UG,Relationship,1,74190.0,0,641,19,27
46,UG,Relationship,2,39356.0,1,23,4,288
53,UG,Relationship,0,76653.0,2,2279,23,503
49,PG,Single,2,35860.0,1,49,6,227
39,PG,Single,0,90687.0,2,1779,17,589
40,PG,Relationship,0,73450.0,2,1804,27,599
62,UG,Relationship,2,31454.0,0,48,8,573
70,UG,Single,2,47139.0,1,83,7,212
47,UG,Single,0,83829.0,4,1862,17,509
59,PG,Relationship,2,53378.0,1,793,29,829
52,UG,Relationship,1,19656.0,0,84,9,517
74,PG,Relationship,1,45579.0,0,183,10,499
64,PG,Single,0,85485.0,0,1383,19,194
78,UG,Relationship,0,55956.0,1,999,16,181
59,PG,Single,1,64191.0,0,825,24,709
50,UG,Single,1,38808.0,2,246,14,858
56,PG,Relationship,2,57183.0,0,610,25,653
54,PG,Single,1,23748.0,0,76,9,771
51,UG,Relationship,1,66303.0,1,1286,22,674
47,PG,Relationship,1,37368.0,1,30,4,381
58,UG,Relationship,3,40800.0,0,99,8,730
44,UG,Single,0,71847.0,1,1192,22,832
47,UG,Relationship,1,46149.0,0,362,18,398
39,UG,Relationship,0,78687.0,2,2130,19,845
51,PG,Single,0,49118.0,3,1229,28,866
65,PG,Relationship,2,37633.0,0,38,6,833
71,PG,Relationship,0,39767.0,0,485,17,529
71,UG,Relationship,0,26997.0,0,434,13,965
52,UG,Single,1,33986.0,0,44,5,658
50,PG,Relationship,1,57091.0,2,496,18,769
53,PG,Relationship,2,46831.0,0,78,7,513
50,PG,Relationship,0,83151.0,4,2346,23,456
51,UG,Relationship,0,52531.0,0,794,21,732
66,UG,Relationship,0,15759.0,0,17,4,602
51,UG,Single,1,22804.0,0,26,5,519
49,PG,Relationship,1,43050.0,0,76,8,289
45,PG,Single,2,42997.0,0,15,4,538
59,PG,Single,2,48918.0,0,62,7,28
68,PG,Relationship,1,60033.0,0,198,10,278
44,PG,Relationship,1,34043.0,0,49,5,433
56,UG,Relationship,1,57811.0,1,802,25,556
76,UG,Relationship,0,78569.0,2,1736,15,316
44,UG,Single,2,7500.0,0,57,10,735
69,UG,Relationship,0,94384.0,4,2302,18,638
37,PG,Relationship,0,23148.0,0,37,6,317
52,UG,Single,2,44267.0,0,310,16,675
43,UG,Relationship,0,71626.0,1,1305,19,1086
56,UG,Relationship,1,60894.0,0,832,26,552
46,UG,Relationship,2,50200.0,0,401,19,668
57,PG,Relationship,0,81051.0,2,1501,23,223
40,UG,Relationship,0,65169.0,5,1189,28,352
50,UG,Relationship,1,59868.0,0,1194,32,528
62,PG,Relationship,1,65695.0,0,656,21,335
66,PG,Single,0,64857.0,0,1540,23,769
57,PG,Relationship,1,45143.0,0,311,15,493
67,PG,Relationship,1,74805.0,0,820,26,569
33,PG,Relationship,1,59060.0,0,274,14,61
60,PG,Single,2,27238.0,0,57,9,621
57,UG,Relationship,1,47009.0,0,448,17,721
49,PG,Relationship,2,46094.0,0,44,5,87
50,UG,Relationship,2,40321.0,0,102,8,521
38,UG,Relationship,1,37235.0,0,61,5,364
62,PG,Relationship,0,81843.0,0,1643,27,619
64,PG,Relationship,1,46692.0,0,397,15,574
54,UG,Relationship,1,77382.0,1,1121,26,184
45,UG,Single,2,37774.0,2,473,16,1028
48,UG,Relationship,1,18393.0,0,50,8,278
60,PG,Relationship,1,72828.0,0,1678,28,686
40,UG,Relationship,0,24711.0,0,58,7,258
47,PG,Relationship,1,45503.0,0,170,9,463
40,PG,Single,0,6560.0,0,373,2,385
77,PG,Relationship,0,71604.0,2,1196,17,410
43,UG,Relationship,1,27244.0,0,101,8,182
53,UG,Relationship,2,48752.0,1,316,17,750
60,UG,Relationship,1,71434.0,2,1400,21,470
74,UG,Single,0,90842.0,0,1424,27,521
44,PG,Relationship,1,88097.0,4,844,20,866
47,UG,Relationship,1,51948.0,0,311,13,471
40,UG,Relationship,0,71853.0,0,1149,17,514
39,PG,Relationship,0,35876.0,0,129,8,256
70,UG,Single,1,40049.0,0,32,5,442
40,UG,Single,1,39660.0,1,299,14,876
60,UG,Relationship,1,50127.0,1,320,13,217
45,PG,Relationship,1,43263.0,0,441,16,771
73,PG,Relationship,2,62845.0,2,1178,28,1087
32,UG,Relationship,0,18929.0,0,85,6,684
40,UG,Single,1,24367.0,0,24,4,652
47,UG,Single,1,33249.0,0,112,8,680
63,PG,Relationship,1,26887.0,0,30,5,456
39,PG,Relationship,0,50150.0,0,410,16,560
46,UG,Relationship,1,62061.0,1,800,24,488
60,PG,Single,0,85696.0,1,1313,20,667
66,PG,Relationship,0,76542.0,0,1483,23,642
29,UG,Single,0,70515.0,1,1258,17,437
35,UG,Relationship,1,18227.0,0,28,4,873
57,UG,Relationship,1,69139.0,0,227,11,339
40,UG,Relationship,0,69109.0,2,1555,20,842
60,UG,Single,1,69627.0,0,861,23,655
44,UG,Relationship,1,38136.0,1,103,8,619
76,PG,Single,0,62159.0,0,634,19,248
59,UG,Single,0,80695.0,0,1918,19,368
51,PG,Single,2,33316.0,0,131,10,631
54,UG,Relationship,2,58554.0,0,586,22,827
30,UG,Relationship,1,17256.0,1,62,7,404
48,UG,Single,2,53034.0,0,447,22,581
72,PG,Relationship,0,52203.0,0,939,27,884
45,PG,Single,1,59601.0,1,797,15,525
64,PG,Single,1,75154.0,1,1143,16,997
46,UG,Single,1,47025.0,0,415,17,539
49,UG,Relationship,1,37971.0,0,30,5,402
54,PG,Single,1,41335.0,0,187,12,371
64,UG,Relationship,1,67267.0,0,251,11,233
47,UG,Single,1,57338.0,0,237,12,247
62,PG,Relationship,2,50523.0,0,91,8,372
57,PG,Single,3,35791.0,0,35,6,575
62,PG,Single,1,50611.0,1,493,22,996
53,PG,Relationship,1,56242.0,0,971,28,669
62,UG,Single,1,48904.0,0,371,17,1054
47,UG,Single,3,56243.0,0,396,20,367
37,UG,Relationship,1,21355.0,2,68,7,499
51,PG,Relationship,1,57420.0,1,322,15,555
52,PG,Relationship,1,52247.25135379061,0,317,14,727
67,PG,Single,1,46390.0,0,222,10,241
66,PG,Relationship,2,54342.0,0,177,12,665
64,UG,Relationship,2,52247.25135379061,0,45,5,1028
58,PG,Single,2,52247.25135379061,0,21,4,31
49,UG,Relationship,1,20895.0,0,45,6,935
74,UG,Relationship,0,92344.0,2,1899,20,351
50,PG,Relationship,1,52247.25135379061,0,42,5,332
46,PG,Relationship,2,26907.0,0,22,6,499
42,UG,Relationship,2,44964.0,0,41,5,746
43,UG,Relationship,0,75507.0,0,1440,21,330
50,PG,Relationship,2,53761.0,0,325,17,417
49,UG,Relationship,1,22682.0,0,95,10,662
50,PG,Relationship,1,38887.0,0,42,5,332
47,PG,Single,2,41658.0,0,72,6,842
50,PG,Relationship,1,29791.0,0,20,7,231
66,PG,Relationship,2,63915.0,0,789,23,520
48,UG,Single,2,39996.0,0,15,4,224
50,UG,Single,1,26759.0,0,59,8,183
54,PG,Single,1,63841.0,0,908,22,620
53,PG,Relationship,2,51039.0,0,417,14,811
61,UG,Relationship,2,60544.0,0,289,15,859
50,UG,Relationship,1,65685.0,0,769,21,278
69,UG,Relationship,1,37716.0,0,188,10,255
65,UG,Single,1,36864.0,1,354,14,871
52,PG,Relationship,1,44511.0,0,727,26,752
55,PG,Relationship,2,36947.0,0,146,11,907
71,PG,Relationship,1,47352.0,0,319,16,423
69,PG,Relationship,1,67087.0,0,794,22,380
72,UG,Relationship,1,57045.0,0,454,18,875
69,PG,Single,2,36957.0,1,152,11,936
45,PG,Relationship,1,69389.0,0,797,22,825
50,UG,Relationship,1,80134.0,4,1690,16,591
53,PG,Relationship,2,43142.0,0,20,4,317
78,UG,Relationship,0,80589.0,2,1428,21,344
32,UG,Single,1,34412.0,0,209,11,687
43,UG,Single,1,57537.0,0,545,19,452
56,UG,Relationship,0,22634.0,0,96,6,715
74,UG,Relationship,0,51315.0,0,222,10,312
50,UG,Relationship,3,36026.0,0,61,7,291
49,UG,Relationship,2,24639.0,0,44,9,338
50,PG,Relationship,3,34578.0,0,8,4,58
50,PG,Single,0,65704.0,0,817,23,445
56,UG,Single,1,63810.0,1,1371,23,781
53,PG,Relationship,1,54132.0,0,42,5,319
63,UG,Relationship,0,18690.0,0,60,5,734
52,UG,Relationship,1,28164.0,0,78,9,636
48,PG,Relationship,1,34596.0,0,23,4,628
50,PG,Relationship,1,43269.0,0,19,4,472
64,PG,Single,2,38741.0,0,61,7,277
50,UG,Single,0,31907.0,0,449,14,638
39,PG,Relationship,1,27100.0,0,37,5,607
49,PG,Single,1,31163.0,0,38,5,322
37,UG,Relationship,0,92533.0,2,1131,23,378
49,UG,Single,2,34853.0,0,34,7,374
55,UG,Single,2,70844.0,0,294,17,428
43,PG,Relationship,2,31086.0,1,48,6,636
61,UG,Relationship,2,60544.0,0,289,15,859
36,PG,Relationship,0,20491.0,0,30,4,706
58,UG,Relationship,0,42523.0,0,125,7,253
39,UG,Relationship,1,39922.0,0,156,9,686
70,UG,Relationship,2,33402.0,0,70,9,532
73,PG,Relationship,2,36408.0,0,22,4,467
43,UG,Relationship,1,21645.0,1,65,9,1028
74,PG,Single,0,78427.0,2,1930,23,799
76,UG,Relationship,0,82657.0,2,2283,23,461
64,UG,Relationship,0,51876.0,0,310,13,443
51,PG,Relationship,0,78041.0,0,1319,18,746
65,UG,Relationship,1,52852.0,1,879,26,1085
40,PG,Relationship,0,70038.0,0,1244,17,433
49,PG,Relationship,1,69401.0,0,690,17,284
50,UG,Relationship,1,46053.0,0,209,12,683
57,UG,Relationship,0,77343.0,0,1134,17,117
69,UG,Single,0,73892.0,1,1507,23,414
55,PG,Single,1,40304.0,0,57,6,458
57,PG,Relationship,0,32727.0,0,529,17,856
53,UG,Relationship,0,68695.0,0,1091,16,190
51,UG,Single,1,43300.0,1,180,11,810
50,UG,Relationship,2,26290.0,0,77,10,396
52,UG,Single,0,93790.0,4,2349,25,30
48,PG,Relationship,0,38410.0,1,534,18,839
72,PG,Single,1,64866.0,1,556,21,340
63,UG,Relationship,1,57957.0,0,637,25,500
67,PG,Relationship,2,46015.0,2,46,5,263
44,UG,Relationship,1,16531.0,0,44,9,197
36,PG,Relationship,1,28072.0,0,47,5,512
59,PG,Single,1,49476.0,0,795,22,560
69,UG,Relationship,1,50725.0,0,586,21,687
70,UG,Relationship,0,83844.0,1,1574,20,392
72,PG,Relationship,2,41145.0,0,13,4,152
52,UG,Relationship,1,67419.0,0,1471,25,715
52,PG,Relationship,2,23162.0,0,65,8,376
45,UG,Relationship,1,34380.0,0,175,12,695
56,UG,Single,1,34704.0,0,40,5,614
53,PG,Relationship,2,94871.0,3,1078,18,1088
64,UG,Relationship,1,65148.0,0,1115,21,776
68,UG,Relationship,1,39898.0,0,134,9,395
66,PG,Single,0,64857.0,0,1540,23,769
52,PG,Relationship,1,59892.0,0,87,7,689
35,PG,Single,0,41020.0,0,217,10,430
61,PG,Relationship,1,57072.0,1,1034,27,342
43,UG,Single,1,60474.0,0,1180,31,727
62,UG,Relationship,1,62807.0,0,819,23,853
41,PG,Relationship,1,19414.0,0,32,5,442
42,UG,Relationship,1,19107.0,0,46,6,497
46,PG,Relationship,1,75484.0,0,1159,18,1058
46,PG,Single,1,70379.0,0,860,25,669
52,PG,Relationship,0,79419.0,0,1631,15,193
76,PG,Relationship,3,64014.0,1,444,22,87
67,UG,Relationship,1,76998.0,1,1910,29,426
50,PG,Relationship,1,49854.0,0,380,18,447
51,PG,Relationship,2,60585.0,1,736,30,556
72,PG,Single,2,42873.0,0,269,15,710
34,UG,Relationship,0,87679.0,4,2524,29,523
44,UG,Relationship,1,57867.0,0,612,25,721
32,UG,Relationship,1,35765.0,0,75,8,415
63,UG,Relationship,0,65492.0,0,1045,26,340
45,UG,Single,1,32952.0,0,55,6,719
53,PG,Relationship,1,53374.0,2,1064,21,868
63,UG,Relationship,1,71706.0,0,1443,25,779
34,UG,Relationship,0,68487.0,0,1366,30,718
47,PG,Relationship,2,53253.0,0,436,19,425
49,PG,Single,1,31163.0,0,38,5,322
45,UG,Relationship,1,42014.0,1,436,20,867
49,PG,Relationship,2,54108.0,0,747,32,965
67,PG,Single,0,49667.0,2,1396,22,864
48,PG,Relationship,0,63206.0,1,928,14,287
50,PG,Relationship,2,57136.0,0,642,26,481
47,PG,Relationship,1,46772.0,1,1048,30,904
51,PG,Relationship,0,78931.0,0,943,24,433
64,UG,Relationship,1,53977.0,0,907,27,513
34,UG,Relationship,0,84219.0,0,1198,18,333
47,PG,Single,2,46098.0,0,120,11,866
57,UG,Relationship,1,73538.0,0,1658,26,767
36,UG,Relationship,0,79529.0,0,1638,22,249
45,PG,Relationship,0,20981.0,1,73,7,611
42,UG,Single,1,51766.0,0,275,12,59
60,UG,Relationship,1,55759.0,0,854,26,764
44,UG,Relationship,1,33039.0,0,78,7,479
50,PG,Relationship,1,37787.0,0,106,7,468
52,UG,Single,1,27242.0,1,106,7,781
39,PG,Single,0,87188.0,1,1923,19,666
51,UG,Relationship,0,69930.0,0,1662,22,585
46,UG,Single,1,37697.0,0,84,7,183
49,PG,Relationship,1,37401.0,0,48,7,210
49,UG,Single,1,3502.0,0,5,0,628
46,UG,Relationship,2,58597.0,0,733,32,772
74,PG,Single,0,82032.0,0,1234,17,242
64,UG,Relationship,2,28087.0,0,112,9,780
35,PG,Single,0,74004.0,3,1658,15,311
62,UG,Relationship,1,19740.0,0,55,7,648
47,PG,Relationship,1,57036.0,1,1513,26,780
64,PG,Relationship,2,53083.0,1,271,17,596
47,PG,Relationship,1,69283.0,0,904,27,201
47,PG,Single,2,46098.0,1,120,11,866
34,PG,Relationship,1,23331.0,0,103,8,997
34,PG,Single,1,23331.0,0,269,17,966
33,UG,Single,1,9255.0,0,22,5,377
63,PG,Single,0,67786.0,1,1156,16,538
51,PG,Relationship,1,71969.0,1,1086,19,807
55,PG,Single,1,59235.0,0,1128,28,396
33,UG,Relationship,1,31928.0,0,72,9,279
61,PG,Relationship,2,74881.0,0,964,27,516
44,UG,Relationship,0,65819.0,0,1383,20,763
69,PG,Single,3,51411.0,0,18,4,585
58,UG,Single,1,51983.0,0,793,24,853
36,PG,Relationship,1,42386.0,0,100,7,718
35,PG,Relationship,0,30390.0,0,80,6,691
59,UG,Single,0,30983.0,1,167,8,842
65,UG,Single,1,66033.0,0,677,20,711
47,PG,Relationship,2,37284.0,0,23,4,643
71,PG,Single,1,57530.0,0,92,7,387
57,PG,Relationship,0,76800.0,0,641,16,151
66,UG,Relationship,1,63943.0,0,1106,17,1057
60,UG,Relationship,0,76081.0,1,1033,14,223
48,UG,Relationship,1,67445.0,0,1174,32,754
55,PG,Relationship,2,37054.0,0,25,6,473
60,PG,Relationship,2,47175.0,2,240,17,795
46,UG,Single,1,31859.0,0,20,4,566
61,UG,Single,3,27215.0,0,102,11,708
46,PG,Single,1,70179.0,0,1034,26,529
39,UG,Relationship,1,39922.0,0,156,9,686
46,PG,Relationship,2,49681.0,0,458,21,630
34,UG,Relationship,1,24645.0,0,17,4,1086
68,UG,Single,1,79865.0,0,792,21,197
37,UG,Relationship,1,44322.0,0,92,8,199
70,UG,Single,1,47958.0,0,407,16,712
58,PG,Single,1,63972.0,1,1269,23,1054
68,UG,Relationship,1,75315.0,0,841,23,261
72,PG,Relationship,2,55517.0,1,633,23,826
65,PG,Relationship,3,75283.0,0,1019,25,645
76,PG,Single,0,82800.0,3,1315,26,768
68,UG,Relationship,2,38998.0,0,54,8,1026
31,PG,Single,0,90638.0,2,2525,18,322
36,PG,Relationship,1,27161.0,0,52,5,430
45,UG,Relationship,1,42014.0,1,436,20,867
62,PG,Relationship,1,38201.0,0,268,15,643
40,UG,Relationship,2,45203.0,1,147,8,284
75,PG,Relationship,0,81574.0,2,1798,18,248
30,UG,Relationship,0,34935.0,0,137,8,559
46,PG,Single,1,60482.0,0,507,17,708
66,UG,Relationship,3,34633.0,0,15,4,343
75,PG,Relationship,0,78093.0,0,1105,17,415
72,UG,Single,0,82460.0,0,974,15,688
56,PG,Relationship,1,45903.0,0,66,8,253
35,UG,Single,0,81361.0,1,778,27,310
49,PG,Single,2,35860.0,2,49,6,227
70,PG,Relationship,2,40442.0,1,169,12,865
57,UG,Relationship,0,61482.0,0,299,12,188
42,UG,Relationship,1,34968.0,0,221,17,454
35,UG,Relationship,0,75794.0,1,1682,25,373
60,PG,Relationship,1,31497.0,0,155,10,933
67,UG,Relationship,0,74268.0,0,892,13,686
34,UG,Relationship,1,13724.0,1,58,5,853
57,PG,Relationship,1,45143.0,0,311,15,493
55,PG,Single,1,52569.0,0,95,7,242
49,PG,Single,1,48432.0,1,424,19,805
62,PG,Relationship,2,17144.0,0,47,12,320
38,UG,Single,1,36108.0,1,339,15,443
51,UG,Relationship,1,76445.0,0,1410,21,825
47,PG,Relationship,1,36663.0,0,35,6,251
57,PG,Relationship,1,53843.0,0,562,20,553
66,PG,Relationship,0,90226.0,1,2352,24,827
67,PG,Single,0,70638.0,1,1334,20,725
62,UG,Relationship,2,44512.0,0,32,6,489
61,UG,Relationship,2,27116.0,0,41,7,332
59,PG,Relationship,2,54072.0,0,39,5,523
45,UG,Relationship,1,71855.0,0,1141,25,715
32,PG,Single,1,51250.0,1,710,24,642
49,PG,Relationship,1,60432.0,0,401,19,120
58,PG,Relationship,1,65526.0,0,506,17,58
34,UG,Single,0,68655.0,0,1538,21,815
44,PG,Relationship,0,12393.0,0,57,6,994
32,UG,Single,0,64509.0,2,1722,19,502
47,UG,Single,1,33955.0,0,270,15,480
45,UG,Relationship,2,31353.0,1,31,6,368
38,UG,Relationship,1,55434.0,0,882,24,601
39,UG,Relationship,1,28359.0,0,16,4,431
35,UG,Single,1,57100.0,0,311,14,228
57,UG,Relationship,1,69139.0,0,227,11,339
66,PG,Relationship,1,52973.0,0,1152,31,873
57,PG,Relationship,1,51717.0,1,122,8,499
51,UG,Relationship,1,18793.0,0,77,9,396
40,PG,Relationship,0,66664.0,0,1289,19,828
63,UG,Single,2,50664.0,0,561,24,715
59,UG,Relationship,2,54414.0,0,211,13,708
70,PG,Relationship,1,54549.0,0,233,12,304
51,PG,Single,1,47111.0,0,1092,21,875
59,PG,Single,0,41003.0,0,601,17,655
40,UG,Relationship,1,19444.0,1,54,10,313
46,PG,Relationship,1,36301.0,0,78,7,433
75,PG,Relationship,1,73059.0,0,1095,26,488
53,PG,Relationship,1,42731.0,0,244,13,437
63,PG,Relationship,2,52854.0,0,116,9,283
44,UG,Relationship,1,22775.0,0,15,4,561
74,PG,Relationship,2,46681.0,0,425,16,509
67,PG,Relationship,1,59821.0,0,734,26,393
68,UG,Single,1,50002.0,0,638,19,563
77,UG,Relationship,0,69755.0,0,894,22,690
53,UG,Relationship,2,44078.0,0,41,7,196
46,PG,Relationship,1,30560.0,0,31,5,553
53,PG,Relationship,2,35924.0,0,34,5,284
58,PG,Single,2,64140.0,4,1750,18,465
41,UG,Relationship,2,56386.0,0,612,25,796
43,UG,Relationship,1,24594.0,0,29,5,446
41,PG,Relationship,1,75774.0,0,823,21,330
62,PG,Single,0,39228.0,0,20,4,453
48,PG,Relationship,1,58494.0,0,396,16,385
41,UG,Single,0,58684.0,1,813,21,199
55,UG,Single,0,57136.0,1,1179,20,593
72,PG,Single,2,56551.0,0,138,10,180
40,UG,Relationship,1,22448.0,0,55,9,309
61,UG,Single,0,82014.0,1,1511,22,864
59,UG,Single,2,34213.0,1,117,9,906
75,PG,Single,1,25358.0,0,32,6,528
44,PG,Single,1,35544.0,0,67,6,151
68,PG,Relationship,1,36634.0,0,335,15,583
68,PG,Relationship,1,62670.0,0,825,22,333
50,PG,Relationship,1,50334.0,0,694,23,526
41,UG,Single,0,72066.0,3,1792,17,192
64,PG,Single,2,50729.0,0,496,24,695
54,UG,Relationship,2,34916.0,0,231,13,596
46,UG,Single,1,64892.0,0,902,24,217
56,UG,Single,2,43602.0,0,68,9,92
33,PG,Single,0,33996.0,0,71,6,418
37,PG,Single,1,41473.0,0,76,6,561
55,PG,Relationship,2,63246.0,0,772,22,499
63,PG,Relationship,2,36732.0,0,47,9,368
52,PG,Relationship,1,69084.0,0,1586,25,408
55,PG,Relationship,1,77766.0,2,1529,34,678
37,PG,Single,0,37929.0,3,265,13,520
71,UG,Relationship,0,86610.0,0,1603,18,602
36,PG,Relationship,0,80141.0,2,2091,22,426
67,PG,Relationship,0,72635.0,1,981,21,666
52,UG,Relationship,1,69016.0,0,1533,34,770
31,PG,Relationship,0,20193.0,0,82,7,764
47,UG,Relationship,1,27573.0,0,244,14,647
43,UG,Single,1,15862.0,0,36,5,553
46,PG,Relationship,1,49544.0,0,404,16,395
42,UG,Relationship,1,33228.0,0,71,6,343
44,UG,Relationship,0,70440.0,1,1572,23,509
51,UG,Relationship,2,38232.0,0,122,11,349
67,PG,Relationship,2,22554.0,0,41,10,1026
39,PG,Relationship,1,23536.0,0,10,4,270
70,UG,Relationship,1,49413.0,0,304,13,433
53,UG,Relationship,2,42231.0,0,37,5,282
42,PG,Single,0,78789.0,1,1754,16,876
54,UG,Relationship,1,56534.0,3,815,25,527
51,UG,Single,1,58350.0,0,1001,27,640
33,UG,Single,0,81217.0,0,1157,22,531
71,UG,Single,1,49090.0,0,688,21,531
35,PG,Single,0,61787.0,0,1319,19,573
37,PG,Relationship,1,18169.0,0,21,4,681
41,PG,Single,1,24336.0,0,31,4,857
32,UG,Relationship,0,18222.0,0,67,6,731
70,UG,Single,1,62335.0,0,708,21,588
51,PG,Relationship,2,42033.0,0,25,4,834
39,PG,Relationship,0,86580.0,1,746,11,673
65,PG,Single,2,41437.0,0,32,5,831
71,PG,Single,2,73705.0,0,1695,25,243
46,UG,Relationship,1,61064.0,0,1080,28,853
67,PG,Relationship,2,38452.0,0,72,9,277
33,UG,Single,1,18358.0,0,57,10,407
49,PG,Relationship,1,55012.0,0,660,25,286
49,UG,Relationship,1,9722.0,1,103,11,1056
38,PG,Relationship,1,38175.0,0,153,11,465
66,PG,Relationship,1,58656.0,1,1220,32,833
57,UG,Relationship,1,52117.0,0,279,13,868
44,UG,Relationship,1,64813.0,0,745,20,334
49,PG,Relationship,1,54222.0,0,264,12,363
36,UG,Relationship,0,83512.0,5,2157,22,198
63,PG,Relationship,1,77520.0,4,1526,23,491
44,UG,Relationship,1,41154.0,0,69,6,484
56,UG,Relationship,0,80398.0,1,1597,26,812
30,UG,Single,1,18746.0,0,64,8,217
38,UG,Relationship,1,35196.0,0,497,18,779
66,UG,Single,1,60230.0,0,1067,17,591
45,UG,Relationship,2,22108.0,0,31,7,149
48,UG,Relationship,2,44392.0,0,211,14,602
46,PG,Relationship,1,55424.0,2,877,25,767
43,UG,Relationship,1,17688.0,0,11,4,718
39,PG,Relationship,0,92491.0,4,2034,25,726
31,UG,Single,0,90273.0,4,1991,19,383
60,PG,Single,0,82571.0,1,1686,24,331
40,PG,Single,1,38513.0,1,324,17,338
43,PG,Single,1,16653.0,1,69,9,258
67,UG,Relationship,2,42586.0,1,252,16,794
57,UG,Single,1,23529.0,0,54,5,549
61,PG,Relationship,2,74881.0,0,964,27,516
71,UG,Relationship,1,71107.0,0,1327,28,683
58,PG,Relationship,2,46910.0,0,68,7,284
63,UG,Relationship,0,18690.0,0,60,5,734
67,UG,Single,2,37244.0,1,55,5,614
56,UG,Relationship,0,82427.0,1,1456,21,29
64,PG,Single,1,75342.0,0,563,18,575
68,UG,Single,1,70044.0,0,1504,26,682
55,UG,Single,2,79146.0,0,564,19,252
59,UG,Relationship,0,77437.0,1,1125,23,401
63,UG,Relationship,1,54984.0,1,358,17,222
51,PG,Relationship,1,42403.0,0,42,5,415
58,UG,Relationship,1,55761.0,1,184,10,252
39,UG,Relationship,1,37292.0,0,460,19,623
77,PG,Single,0,45576.0,1,145,8,218
75,UG,Relationship,0,70321.0,1,1376,25,715
53,PG,Single,1,58086.0,0,792,23,711
70,UG,Relationship,0,81795.0,0,1382,23,797
75,UG,Relationship,0,28389.0,0,28,4,772
76,PG,Relationship,0,66835.0,0,1033,24,460
53,UG,Single,1,69901.0,0,882,23,582
73,PG,Relationship,0,80360.0,3,2231,15,669
61,PG,Relationship,1,63342.0,2,1101,19,807
48,UG,Relationship,1,44989.0,0,369,16,753
42,PG,Single,1,31859.0,0,48,5,308
73,PG,Single,1,51569.0,2,467,19,395
51,UG,Single,2,30372.0,0,44,8,737
43,UG,Single,2,16014.0,0,38,10,655
54,UG,Relationship,2,41120.0,0,81,9,569
51,PG,Single,1,39763.0,1,167,10,633
67,PG,Relationship,2,38725.0,0,45,7,88
50,UG,Relationship,1,77981.0,0,664,21,585
58,PG,Relationship,1,62905.0,0,622,20,449
43,PG,Single,1,13533.0,0,48,7,455
47,UG,Relationship,1,59481.0,0,461,16,435
45,UG,Relationship,1,72117.0,0,1073,26,499
36,PG,Relationship,1,21955.0,0,55,8,541
66,UG,Relationship,1,67131.0,0,976,26,646
42,PG,Single,1,36802.0,0,20,5,199
40,UG,Relationship,0,71853.0,0,1149,17,514
61,UG,Relationship,0,28249.0,0,43,6,200
47,PG,Relationship,1,47808.0,1,224,10,438
48,PG,Single,1,25509.0,1,101,9,835
76,PG,Relationship,0,51012.0,0,209,10,623
37,UG,Single,0,70596.0,0,968,21,966
70,PG,Relationship,0,85431.0,0,1165,17,513
55,UG,Relationship,1,42664.0,0,24,5,289
67,UG,Relationship,2,42586.0,1,252,16,794
37,UG,Single,1,29760.0,0,165,12,855
45,PG,Relationship,0,28973.0,0,269,13,810
49,PG,Relationship,1,39435.0,0,102,7,572
38,PG,Relationship,0,65370.0,0,461,19,723
43,UG,Single,1,20194.0,0,47,7,745
46,PG,Single,2,42473.0,0,144,10,318
54,UG,Relationship,0,64590.0,0,1338,24,809
63,UG,Relationship,1,71232.0,0,917,25,399
51,UG,Relationship,2,34600.0,1,318,17,730
55,UG,Single,2,46904.0,0,253,14,1026
49,UG,Relationship,1,49094.0,0,502,20,832
39,UG,Relationship,1,36075.0,0,119,7,476
43,PG,Relationship,2,60839.0,0,1250,29,856
43,UG,Relationship,1,77298.0,0,969,24,689
72,UG,Relationship,2,34026.0,0,76,9,603
59,PG,Single,2,48918.0,0,62,7,28
60,PG,Relationship,0,82122.0,1,1382,26,504
46,UG,Single,1,37697.0,0,84,7,183
70,UG,Relationship,2,34074.0,1,255,14,537
62,PG,Relationship,2,28520.0,0,43,5,566
67,UG,Single,1,62535.0,0,398,14,662
45,PG,Single,1,36273.0,0,76,8,260
58,UG,Relationship,2,63404.0,1,902,15,209
41,PG,Relationship,1,75774.0,0,823,21,330
46,UG,Relationship,1,78416.0,0,1179,26,188
48,UG,Relationship,1,75702.0,1,1921,29,809
71,PG,Relationship,2,59385.0,0,185,10,613
56,UG,Single,2,37070.0,1,433,23,652
71,UG,Relationship,2,44689.0,1,34,6,92
64,UG,Relationship,1,53977.0,0,907,27,513
56,PG,Single,2,7144.0,0,416,25,538
58,UG,Single,2,18701.0,0,44,10,635
66,UG,Relationship,0,90369.0,1,1588,17,248
48,PG,Single,0,63159.0,1,1797,17,965
56,UG,Relationship,2,37758.0,0,40,6,996
59,PG,Single,1,46757.0,0,1143,21,776
53,PG,Relationship,0,79734.0,1,914,14,187
30,UG,Relationship,0,63207.0,1,1502,12,711
68,UG,Single,1,72071.0,0,1338,20,686
39,PG,Relationship,1,21840.0,0,27,5,529
40,PG,Relationship,1,58582.0,1,763,22,460
71,UG,Single,0,72282.0,1,1331,22,531
66,UG,Relationship,2,50387.0,0,525,19,488
61,PG,Relationship,2,32583.0,0,9,4,200
60,UG,Relationship,1,62568.0,1,953,16,181
51,PG,Single,2,44635.0,0,68,7,417
51,PG,Single,2,33316.0,0,131,10,631
54,UG,Relationship,1,63967.0,0,882,23,480
44,PG,Relationship,0,52513.0,0,1149,25,997
53,UG,Relationship,1,25293.0,0,37,5,473
57,PG,Single,1,54111.0,0,388,15,494
36,UG,Relationship,0,78394.0,1,1428,16,685
64,PG,Relationship,0,80739.0,0,1633,24,588
47,PG,Relationship,1,22669.0,1,173,10,589
35,UG,Single,1,29236.0,0,99,9,509
63,UG,Relationship,1,44911.0,0,215,12,657
60,PG,Relationship,1,54693.0,0,929,31,683
48,UG,Relationship,1,48186.0,0,219,12,287
45,UG,Relationship,2,54809.0,1,174,12,418
44,UG,Relationship,2,41580.0,0,92,9,811
52,PG,Relationship,0,80336.0,0,1052,25,479
65,UG,Relationship,1,47743.0,1,275,14,650
67,PG,Relationship,1,62972.0,0,587,16,1029
68,PG,Single,1,57333.0,1,1662,33,831
40,PG,Relationship,1,32313.0,0,159,11,425
69,PG,Single,0,84953.0,4,1024,18,666
54,PG,Single,1,27071.0,0,35,7,253
65,PG,Relationship,0,68148.0,0,1042,15,488
57,PG,Relationship,2,65735.0,0,395,19,538
47,PG,Relationship,0,86836.0,4,557,23,753
59,PG,Relationship,2,4023.0,0,9,15,192
32,UG,Relationship,0,30093.0,0,69,6,512
56,PG,Relationship,1,57705.0,0,486,18,61
34,UG,Single,1,25008.0,0,34,6,333
27,PG,Single,0,83257.0,3,1365,28,835
47,UG,Relationship,1,22280.0,0,13,4,592
44,PG,Relationship,0,72159.0,0,1401,21,794
61,UG,Relationship,0,64260.0,1,1574,14,426
38,PG,Single,0,82733.0,1,1323,20,449
51,PG,Single,1,74290.0,2,1217,32,389
71,PG,Single,3,58217.0,0,103,7,775
46,PG,Relationship,0,21024.0,0,84,7,634
50,PG,Relationship,0,70116.0,0,1536,23,705
37,UG,Relationship,1,54006.0,0,581,18,835
56,PG,Relationship,1,69063.0,0,928,14,904
47,PG,Single,0,11448.0,0,14,4,382
43,UG,Single,1,61825.0,0,424,15,542
51,UG,Relationship,1,70886.0,0,960,14,444
40,UG,Relationship,0,69109.0,2,1555,20,842
49,UG,Single,2,60208.0,2,656,29,905
54,PG,Relationship,2,32889.0,0,55,9,571
38,UG,Single,1,34738.0,0,20,5,57
51,PG,Relationship,1,30538.0,0,367,17,1087
45,PG,Relationship,0,82326.0,4,2257,22,90
55,PG,Single,1,26642.0,0,42,7,363
58,UG,Single,1,69932.0,0,1049,26,391
50,UG,Single,2,44503.0,0,48,7,260
74,PG,Single,1,60200.0,0,685,25,699
70,UG,Single,1,49638.0,0,39,5,257
35,PG,Single,0,23830.0,0,43,5,183
63,PG,Single,0,33051.0,1,835,21,868
64,UG,Relationship,0,72905.0,1,1515,20,345
71,PG,Relationship,1,69702.0,0,1039,26,681
47,UG,Single,1,70300.0,0,1596,26,535
38,PG,Relationship,0,70643.0,1,1828,18,808
53,PG,Relationship,1,30396.0,2,34,6,246
54,PG,Single,1,50616.0,0,149,10,258
53,PG,Single,1,62772.0,1,946,23,592
37,PG,Single,0,30298.0,0,28,6,227
38,UG,Single,1,52413.0,0,450,17,1026
65,PG,Relationship,2,44155.0,0,46,5,347
51,PG,Single,0,86979.0,2,1702,16,539
47,UG,Relationship,2,76532.0,0,820,25,479
40,UG,Relationship,1,42081.0,1,382,15,674
34,PG,Relationship,0,67546.0,0,2126,20,853
33,PG,Relationship,0,88420.0,3,2069,20,330
37,UG,Relationship,1,31158.0,0,72,7,704
54,UG,Single,1,61671.0,2,732,28,301
48,UG,Single,0,69719.0,0,801,11,220
73,UG,Single,1,49160.0,0,236,12,438
44,UG,Relationship,1,24882.0,1,80,5,844
68,PG,Single,0,90933.0,1,1685,15,276
77,PG,Single,0,113734.0,0,277,27,218
72,PG,Relationship,1,59292.0,0,507,18,567
58,PG,Relationship,2,45759.0,0,68,7,677
39,UG,Single,0,22148.0,0,49,5,263
35,PG,Relationship,0,73395.0,0,397,15,289
51,UG,Single,1,29819.0,0,39,9,434
54,UG,Relationship,1,45688.0,1,306,14,341
68,UG,Relationship,0,62820.0,0,976,14,422
51,PG,Relationship,1,60491.0,0,1028,28,571
36,UG,Relationship,1,33235.0,0,70,7,244
63,UG,Relationship,0,35701.0,0,46,5,653
42,PG,Relationship,1,31535.0,1,51,5,462
62,PG,Relationship,0,92556.0,0,1263,21,256
52,UG,Single,1,67384.0,1,1490,22,812
51,PG,Relationship,0,80573.0,0,1564,24,809
55,UG,Relationship,1,77870.0,3,1815,18,862
59,PG,Single,1,52278.0,0,1198,31,706
54,UG,Single,1,57107.0,3,416,23,860
32,UG,Relationship,0,18929.0,0,85,6,684
41,PG,Single,1,36038.0,0,47,8,580
46,UG,Single,0,20180.0,0,137,8,680
57,PG,Relationship,2,34230.0,0,21,4,736
45,PG,Single,1,31878.0,0,70,6,193
50,PG,Relationship,1,70932.0,0,909,22,347
66,UG,Single,0,91249.0,5,1676,22,803
79,PG,Single,0,77598.0,1,1735,26,721
63,UG,Single,2,80982.0,0,1191,30,518
45,PG,Relationship,1,22701.0,0,24,5,602
53,PG,Relationship,1,55212.0,2,1182,20,769
52,UG,Relationship,0,70617.0,0,1280,14,557
65,UG,Single,0,64849.0,1,1336,19,779
57,PG,Relationship,2,62694.0,0,749,24,563
48,PG,Relationship,2,61917.0,0,91,7,407
75,PG,Relationship,1,67472.0,0,414,15,460
40,PG,Relationship,1,21059.0,0,44,9,184
54,PG,Relationship,2,29543.0,0,63,8,362
71,UG,Relationship,1,75903.0,0,901,23,515
47,PG,Relationship,2,34984.0,0,38,6,936
66,PG,Single,1,54998.0,1,455,20,455
73,PG,Single,1,54356.0,1,775,24,773
63,PG,Relationship,1,34242.0,0,15,4,284
49,UG,Relationship,1,25410.0,0,38,6,488
38,PG,Relationship,0,73356.0,4,1512,22,213
72,UG,Relationship,1,28320.0,0,43,5,717
45,UG,Single,1,23763.0,0,42,5,907
38,UG,Relationship,0,72570.0,0,1089,23,251
46,PG,Relationship,1,34529.0,0,162,9,839
71,UG,Single,0,70792.0,0,1272,19,578
40,UG,Relationship,0,63211.0,1,1173,20,1055
48,PG,Relationship,1,83891.0,0,816,22,195
54,UG,Single,2,36065.0,0,74,9,641
68,UG,Relationship,1,39898.0,0,134,9,395
82,PG,Single,0,51141.0,0,157,9,512
46,UG,Relationship,1,56939.0,0,561,18,470
71,UG,Single,0,80872.0,0,1336,19,27
46,PG,Relationship,0,72335.0,1,2092,23,871
58,PG,Single,0,61798.0,0,463,16,404
72,PG,Single,0,76842.0,0,1130,17,302
46,UG,Relationship,1,29478.0,0,20,5,349
66,UG,Single,1,46998.0,1,377,18,801
32,UG,Single,0,96843.0,2,1544,28,618
72,PG,Single,2,56551.0,0,138,10,180
57,PG,Relationship,1,70053.0,0,1012,26,665
60,PG,Single,0,71670.0,4,1766,15,481
44,UG,Relationship,2,44359.0,0,45,9,198
70,UG,Single,2,40887.0,1,161,10,575
56,UG,Single,1,48877.0,0,144,8,245
75,UG,Relationship,0,74485.0,0,1734,26,495
50,UG,Relationship,1,64474.0,0,823,22,436
59,UG,Relationship,1,77226.0,0,1138,28,307
73,UG,Single,0,72643.0,2,1429,21,673
44,PG,Relationship,0,85738.0,2,1371,21,343
56,UG,Single,1,55686.0,1,982,16,686
39,UG,Single,1,39062.0,1,44,5,282
51,UG,Relationship,2,34600.0,1,318,17,730
47,UG,Relationship,1,40794.0,0,434,16,546
51,PG,Relationship,2,54690.0,0,198,12,539
53,UG,Relationship,1,4428.0,0,359,25,601
59,PG,Relationship,0,32632.0,0,576,18,1058
54,PG,Single,2,38236.0,0,88,11,468
43,UG,Relationship,1,36781.0,1,63,6,89
38,PG,Single,1,31385.0,2,27,4,964
38,UG,Relationship,1,24570.0,0,193,11,673
48,PG,Single,1,25509.0,1,101,9,835
71,UG,Relationship,0,94642.0,2,2211,21,30
60,PG,Relationship,1,58646.0,0,140,8,452
47,UG,Single,2,53201.0,0,415,22,395
65,UG,Relationship,1,21994.0,0,22,4,738
44,UG,Relationship,2,57113.0,0,263,16,578
31,UG,Relationship,0,51373.0,0,393,12,558
36,UG,Relationship,1,23477.0,0,147,10,437
66,UG,Relationship,1,58116.0,0,443,16,263
59,PG,Single,0,72968.0,2,1958,19,381
51,PG,Relationship,1,39791.0,0,174,10,644
75,PG,Single,0,91712.0,2,2217,27,441
64,UG,Single,1,94472.0,2,1691,16,303
62,UG,Relationship,2,13672.0,0,25,6,624
42,PG,Relationship,0,96547.0,4,809,21,223
47,UG,Relationship,0,79205.0,2,895,16,855
47,PG,Relationship,1,56559.0,0,484,18,737
49,PG,Relationship,1,32644.0,1,413,18,715
42,PG,Single,1,67506.0,0,331,12,334
52,UG,Single,1,24206.0,0,25,5,516
55,PG,Single,1,28420.0,0,13,4,373
52,UG,Relationship,1,22979.0,1,115,10,936
56,UG,Single,0,33279.0,0,16,4,26
50,PG,Single,2,46423.0,0,92,9,470
45,UG,Relationship,1,30368.0,0,52,7,539
52,UG,Relationship,1,63684.0,0,1464,23,766
58,UG,Single,1,41638.0,1,441,17,687
63,PG,Single,1,68805.0,0,283,12,471
56,PG,Relationship,1,65814.0,0,747,23,332
64,UG,Single,0,71964.0,0,1870,17,591
36,UG,Single,1,39146.0,0,165,11,686
45,UG,Relationship,0,96876.0,4,1941,24,572
41,UG,Relationship,0,34445.0,0,839,27,704
64,UG,Single,0,68281.0,1,1655,25,907
47,PG,Relationship,2,37284.0,0,23,4,643
39,UG,Relationship,0,36790.0,1,66,6,728
55,UG,Relationship,2,27943.0,0,37,8,626
71,UG,Single,2,22263.0,0,21,6,277
50,UG,Relationship,3,30261.0,0,22,4,828
44,UG,Relationship,1,28587.0,0,78,9,30
40,PG,Relationship,1,43815.0,0,79,6,607
66,UG,Relationship,2,48195.0,0,265,17,345
70,PG,Relationship,1,77027.0,0,1175,19,244
57,PG,Relationship,1,71322.0,0,1305,28,684
43,PG,Relationship,1,32765.0,0,46,8,312
57,UG,Relationship,2,29672.0,0,25,4,394
69,UG,Single,0,23272.0,0,46,5,441
73,PG,Relationship,1,49912.0,2,874,26,906
37,PG,Relationship,1,7500.0,0,100,10,1089
75,PG,Single,1,68117.0,2,930,25,455
67,UG,Relationship,1,67225.0,0,868,23,401
46,UG,Relationship,1,17649.0,0,45,9,386
47,UG,Relationship,1,55914.0,0,1260,29,612
38,UG,Relationship,1,40059.0,1,414,12,460
72,UG,Relationship,1,60905.0,0,392,15,599
45,UG,Relationship,2,75330.0,0,1109,29,996
71,UG,Single,1,60689.0,0,639,22,725
38,UG,Relationship,1,38680.0,0,79,6,644
40,UG,Relationship,0,61416.0,1,1665,24,517
31,UG,Single,0,49767.0,0,692,18,695
52,UG,Single,3,83273.0,0,1392,29,828
41,UG,Relationship,1,29009.0,0,44,7,398
43,PG,Relationship,1,45057.0,0,50,6,719
51,UG,Relationship,1,37150.0,0,467,21,783
52,UG,Single,1,43020.0,0,223,12,397
63,UG,Relationship,1,53154.0,0,158,9,117
49,UG,Relationship,0,65308.0,2,1211,28,418
52,UG,Single,1,76467.0,1,1575,14,867
75,PG,Relationship,0,81044.0,0,1208,22,370
71,UG,Relationship,2,32871.0,0,43,5,485
47,UG,Single,2,55801.0,1,527,21,466
63,UG,Single,1,76320.0,0,932,15,193
67,PG,Single,2,36927.0,0,71,8,329
69,UG,Relationship,2,48794.0,0,54,5,189
57,UG,Single,0,23478.0,0,129,7,653
49,UG,Single,1,71128.0,0,1615,27,935
46,PG,Single,1,70179.0,0,1034,26,529
72,UG,Relationship,1,59462.0,0,1088,25,610
53,PG,Relationship,2,52247.25135379061,0,721,25,593
53,UG,Relationship,1,38361.0,0,137,10,370
41,PG,Single,1,52247.25135379061,0,47,8,580
40,PG,Relationship,0,70038.0,0,1244,17,433
44,UG,Relationship,2,42554.0,0,41,7,396
48,UG,Relationship,1,67445.0,0,1174,32,754
71,UG,Single,1,67046.0,0,993,15,579
74,UG,Relationship,0,42192.0,0,100,7,571
70,PG,Relationship,1,77610.0,0,1680,17,794
38,UG,Relationship,1,31761.0,0,98,9,242
43,UG,Relationship,1,34350.0,0,48,5,439
73,UG,Relationship,1,54591.0,0,519,19,603
66,UG,Relationship,1,71866.0,0,715,20,372
53,UG,Relationship,1,25293.0,0,37,5,473
35,PG,Single,0,42000.0,1,653,20,457
39,UG,Relationship,0,69520.0,0,1455,21,543
52,UG,Single,1,64713.0,1,602,19,183
45,PG,Relationship,1,27889.0,0,26,5,604
62,UG,Single,0,22123.0,0,102,7,280
51,UG,Relationship,2,52247.25135379061,0,97,10,669
68,PG,Relationship,1,52247.25135379061,0,207,11,557
49,UG,Relationship,1,27803.0,0,176,9,858
67,UG,Single,1,52247.25135379061,0,450,15,440
62,UG,Relationship,1,51651.0,0,433,17,904
34,UG,Relationship,0,68487.0,0,1366,30,718
79,PG,Single,0,52247.25135379061,2,1564,22,428
53,UG,Relationship,1,56796.0,0,1001,27,684
30,PG,Relationship,0,87000.0,0,961,18,747
63,UG,Relationship,1,79823.0,1,1518,23,276
42,UG,Single,1,30828.0,0,56,8,631
51,PG,Relationship,1,34109.0,0,22,4,569
48,PG,Single,2,53367.0,1,400,21,488
53,UG,Relationship,0,22390.0,0,26,4,437
46,UG,Relationship,1,71322.0,0,350,13,330
29,UG,Single,0,79244.0,3,1216,22,743
73,PG,Relationship,1,49912.0,2,874,26,906
72,PG,Relationship,2,48699.0,0,40,5,590
47,UG,Relationship,0,80144.0,0,1367,19,458
66,UG,Single,2,54252.0,0,264,15,583
46,PG,Relationship,1,81929.0,3,2053,20,824
47,UG,Relationship,1,76068.0,2,1376,10,763
46,PG,Relationship,2,53204.0,0,45,5,287
73,PG,Relationship,1,67911.0,0,976,27,224
38,PG,Relationship,1,14796.0,1,51,6,836
48,PG,Relationship,1,78128.0,2,1264,20,316
50,UG,Relationship,0,14188.0,0,75,7,672
36,UG,Relationship,1,20425.0,0,57,7,794
60,PG,Relationship,1,58646.0,0,140,8,452
52,UG,Single,1,72967.0,2,497,19,747
73,PG,Relationship,1,48150.0,0,266,13,513
61,UG,Single,0,82332.0,2,2006,21,836
67,UG,Single,2,58275.0,0,615,23,694
41,PG,Relationship,0,44953.0,1,1021,24,741
69,UG,Relationship,2,34587.0,0,22,6,230
48,PG,Relationship,1,43018.0,0,133,7,720
68,PG,Relationship,1,45736.0,0,437,19,526
53,PG,Relationship,1,66476.0,0,1013,26,629
41,PG,Relationship,1,27733.0,0,57,7,493
70,PG,Relationship,1,69805.0,0,1038,27,345
60,PG,Single,0,72217.0,0,1573,22,454
51,UG,Single,1,25818.0,0,28,4,805
46,PG,Relationship,1,37509.0,0,123,9,753
46,PG,Relationship,2,25176.0,0,13,4,450
42,UG,Relationship,1,43586.0,0,132,10,854
66,PG,Relationship,1,53230.0,0,732,23,1029
65,UG,Relationship,2,50116.0,1,66,7,195
50,UG,Relationship,0,84906.0,3,1631,24,631
56,UG,Relationship,1,61286.0,0,608,18,692
36,PG,Relationship,0,82333.0,2,1822,18,642
57,PG,Relationship,0,65220.0,1,1282,23,1028
48,UG,Relationship,3,33590.0,0,8,4,661
46,UG,Single,1,30992.0,0,43,5,619
46,PG,Single,0,72309.0,2,1931,20,424
42,UG,Relationship,1,16005.0,0,103,8,870
65,PG,Single,0,65487.0,0,1169,17,92
57,UG,Relationship,1,58692.0,0,395,15,211
53,UG,Single,2,40590.0,1,258,15,690
52,UG,Single,1,20587.0,0,25,5,57
68,PG,Single,1,62637.0,0,185,10,363
56,PG,Single,2,29435.0,1,180,11,937
48,UG,Single,1,19346.0,0,22,5,336
51,UG,Relationship,2,35788.0,0,44,7,343
54,UG,Single,2,36997.0,0,94,12,729
65,UG,Relationship,0,23539.0,0,81,7,307
49,UG,Single,1,65333.0,2,798,28,349
65,UG,Single,0,78499.0,2,1334,19,404
51,PG,Relationship,1,29732.0,0,38,5,282
62,PG,Relationship,3,41275.0,0,61,11,283
49,PG,Relationship,2,63516.0,0,300,16,573
60,PG,Relationship,1,42769.0,0,88,8,387
64,PG,Relationship,2,49572.0,0,54,7,382
50,UG,Relationship,0,69209.0,1,1782,16,836
46,UG,Relationship,1,17148.0,0,68,11,338
53,UG,Single,2,40590.0,1,258,15,690
46,PG,Relationship,1,30560.0,0,31,5,553
39,PG,Relationship,1,32146.0,0,66,8,27
58,PG,Single,2,41713.0,0,174,13,247
47,PG,Relationship,1,34176.0,0,28,5,344
67,PG,Relationship,1,58482.0,1,731,22,29
57,UG,Single,1,59686.0,0,274,12,341
58,PG,Relationship,1,60896.0,1,1701,26,782
42,UG,Relationship,1,62994.0,0,312,13,273
65,UG,Relationship,1,47320.0,0,414,20,723
73,PG,Single,0,74859.0,1,1565,23,666
30,UG,Single,1,15253.0,0,29,6,430
48,PG,Single,1,31560.0,0,94,8,556
68,UG,Single,1,72071.0,0,1338,20,686
32,PG,Single,0,91172.0,5,1092,14,645
38,UG,Relationship,0,90000.0,3,1479,18,374
41,UG,Single,2,41967.0,0,54,5,404
57,UG,Single,1,69263.0,1,568,18,243
52,PG,Single,0,65706.0,4,1199,27,552
47,UG,Relationship,1,60934.0,0,873,23,349
71,UG,Relationship,1,71965.0,0,1213,17,521
67,UG,Relationship,1,65210.0,2,731,22,90
47,PG,Relationship,0,79174.0,3,2043,19,426
55,PG,Single,0,81380.0,0,1893,17,740
49,PG,Single,1,48432.0,0,424,19,805
51,UG,Relationship,1,52914.0,1,575,15,549
67,UG,Relationship,1,38946.0,0,257,12,434
48,UG,Relationship,1,26067.0,0,56,9,630
50,PG,Relationship,1,44325.0,1,542,21,547
58,UG,Relationship,0,42523.0,0,125,7,253
44,UG,Single,1,26487.0,0,69,9,591
65,PG,Relationship,1,53233.0,0,40,5,289
62,UG,Relationship,1,67716.0,1,1016,28,457
50,PG,Relationship,1,76234.0,1,907,23,213
66,PG,Relationship,0,84117.0,1,1566,24,57
65,PG,Relationship,0,65487.0,0,1169,17,92
50,UG,Relationship,1,25224.0,0,46,7,291
39,PG,Single,0,89616.0,1,1644,25,675
51,UG,Single,2,40851.0,0,59,5,679
75,UG,Relationship,0,27469.0,0,17,4,1058
65,PG,Relationship,0,82347.0,3,1853,25,934
65,UG,Relationship,1,73803.0,2,1528,22,1089
70,PG,Single,2,8820.0,0,35,10,650
48,UG,Single,0,43322.0,0,141,8,255
49,UG,Relationship,1,55593.0,1,546,17,498
68,UG,Relationship,2,50501.0,2,500,20,562
47,UG,Relationship,2,37085.0,0,61,10,189
32,UG,Single,1,16185.0,0,106,8,603
53,UG,Single,1,57731.0,0,704,26,769
49,PG,Single,1,48432.0,1,424,19,805
44,UG,Relationship,1,73807.0,0,849,23,699
32,UG,Relationship,0,18929.0,0,85,6,684
54,UG,Single,2,35893.0,0,199,15,808
42,UG,Relationship,1,61014.0,0,1147,20,784
68,UG,Relationship,2,32144.0,1,54,10,284
59,UG,Relationship,1,14918.0,0,43,5,903
59,UG,Single,2,45146.0,0,53,6,535
67,PG,Single,1,41769.0,0,521,22,687
41,UG,Relationship,0,88325.0,0,1623,18,244
72,PG,Single,2,38054.0,0,45,7,361
27,PG,Single,0,80617.0,0,1435,19,752
46,UG,Relationship,1,5305.0,0,32,1,520
68,UG,Relationship,2,36807.0,0,16,4,742
39,UG,Relationship,1,28427.0,0,52,7,651
74,PG,Single,0,82032.0,0,1234,17,242
44,UG,Relationship,1,22775.0,0,15,4,561
37,PG,Relationship,1,40101.0,0,415,17,809
43,UG,Relationship,1,58025.0,0,470,18,401
40,PG,Single,0,75777.0,3,1438,21,634
43,PG,Relationship,1,7500.0,0,53,11,545
59,PG,Relationship,3,33562.0,0,51,9,190
52,PG,Single,1,57642.0,1,679,22,122
54,UG,Relationship,2,58554.0,0,586,22,827
43,UG,Relationship,2,63777.0,0,653,26,648
60,UG,Single,1,57967.0,0,468,19,669
44,PG,Relationship,0,52247.25135379061,1,1679,1,754
50,UG,Relationship,2,24434.0,0,50,7,228
38,UG,Single,1,11012.0,1,84,9,656
52,PG,Single,0,44802.0,0,1049,27,863
36,UG,Single,0,26816.0,0,22,4,867
48,UG,Relationship,1,34421.0,0,30,4,724
55,UG,Relationship,1,61223.0,0,1341,18,567
76,PG,Relationship,3,64014.0,1,444,22,87
41,UG,Single,0,56981.0,1,1241,19,341
66,PG,Relationship,1,69245.0,0,843,23,342
68,PG,Relationship,2,52869.0,1,172,11,808
